
  EPA STORM WATER MANAGEMENT MODEL - VERSION 5.2 (Build 5.2.4)
  ------------------------------------------------------------

  WARNING 04: minimum elevation drop used for Conduit 1
  WARNING 05: minimum slope used for Conduit 1
  WARNING 05: minimum slope used for Conduit 68
  WARNING 05: minimum slope used for Conduit 75
  WARNING 05: minimum slope used for Conduit 77
  WARNING 05: minimum slope used for Conduit 81
  WARNING 05: minimum slope used for Conduit 84
  WARNING 05: minimum slope used for Conduit 87
  WARNING 05: minimum slope used for Conduit 88
  WARNING 05: minimum slope used for Conduit 93
  WARNING 05: minimum slope used for Conduit 94
  WARNING 05: minimum slope used for Conduit 95
  WARNING 05: minimum slope used for Conduit 97
  WARNING 05: minimum slope used for Conduit 98
  
  ****************
  Analysis Options
  ****************
  Flow Units ............... LPS
  Process Models:
    Rainfall/Runoff ........ YES
    RDII ................... NO
    Snowmelt ............... NO
    Groundwater ............ NO
    Flow Routing ........... YES
    Ponding Allowed ........ NO
    Water Quality .......... NO
  Infiltration Method ...... GREEN_AMPT
  Flow Routing Method ...... DYNWAVE
  Surcharge Method ......... EXTRAN
  Starting Date ............ 07/19/2018 00:00:00
  Ending Date .............. 07/21/2018 23:55:00
  Antecedent Dry Days ...... 20.0
  Report Time Step ......... 00:05:00
  Wet Time Step ............ 00:00:30
  Dry Time Step ............ 01:00:00
  Routing Time Step ........ 30.00 sec
  Variable Time Step ....... YES
  Maximum Trials ........... 10
  Number of Threads ........ 4
  Head Tolerance ........... 0.001000 m
  
  
  *********************
  Rainfall File Summary
  *********************
  Station    First        Last         Recording   Periods    Periods    Periods
  ID         Date         Date         Frequency  w/Precip    Missing    Malfunc.
  -------------------------------------------------------------------------------
  LO         07/20/2018   07/20/2018       5 min        25          0          0

  
  
  **************************        Volume         Depth
  Runoff Quantity Continuity     hectare-m            mm
  **************************     ---------       -------
  Initial Snow Cover .......         0.000         0.000
  Total Precipitation ......         0.235        33.420
  Evaporation Loss .........         0.000         0.000
  Infiltration Loss ........         0.054         7.657
  Surface Runoff ...........         0.180        25.520
  Snow Removed .............         0.000         0.000
  Final Snow Cover .........         0.000         0.000
  Final Storage ............         0.002         0.292
  Continuity Error (%) .....        -0.147
  
  
  **************************        Volume        Volume
  Flow Routing Continuity        hectare-m      10^6 ltr
  **************************     ---------     ---------
  Dry Weather Inflow .......         0.000         0.000
  Wet Weather Inflow .......         0.179         1.791
  Groundwater Inflow .......         0.000         0.000
  RDII Inflow ..............         0.000         0.000
  External Inflow ..........         0.000         0.000
  External Outflow .........         0.141         1.414
  Flooding Loss ............         0.038         0.379
  Evaporation Loss .........         0.000         0.000
  Exfiltration Loss ........         0.000         0.000
  Initial Stored Volume ....         0.000         0.000
  Final Stored Volume ......         0.000         0.002
  Continuity Error (%) .....        -0.188
  
  
  *************************
  Highest Continuity Errors
  *************************
  Node 36Q88RW (1.92%)
  Node 36M5RW (-1.49%)
  Node 36L71RW (-1.33%)
  
  
  ***************************
  Time-Step Critical Elements
  ***************************
  Link 1 (2.19%)
  Link 75 (2.17%)
  Link 88 (1.65%)
  
  
  ********************************
  Highest Flow Instability Indexes
  ********************************
  All links are stable.
  
  
  *********************************
  Most Frequent Nonconverging Nodes
  *********************************
  Node CSO_6 (3.00%)
  Node 36Q88RW (1.54%)
  Node 87RW (1.42%)
  Node 36Q86RW (1.42%)
  Node 69RW (1.38%)
  
  
  *************************
  Routing Time Step Summary
  *************************
  Minimum Time Step           :     2.35 sec
  Average Time Step           :    29.13 sec
  Maximum Time Step           :    30.00 sec
  % of Time in Steady State   :    50.19
  Average Iterations per Step :     2.36
  % of Steps Not Converging   :     3.00
  Time Step Frequencies       :
     30.000 -  9.587 sec      :    99.41 %
      9.587 -  3.064 sec      :     0.54 %
      3.064 -  0.979 sec      :     0.05 %
      0.979 -  0.313 sec      :     0.00 %
      0.313 -  0.100 sec      :     0.00 %
  
  
  ***************************
  Subcatchment Runoff Summary
  ***************************
  
  ------------------------------------------------------------------------------------------------------------------------------
                            Total      Total      Total      Total     Imperv       Perv      Total       Total     Peak  Runoff
                           Precip      Runon       Evap      Infil     Runoff     Runoff     Runoff      Runoff   Runoff   Coeff
  Subcatchment                 mm         mm         mm         mm         mm         mm         mm    10^6 ltr      LPS
  ------------------------------------------------------------------------------------------------------------------------------
  Stone_Paver_s23           33.42       0.00       0.00       0.00      32.53       0.00      32.53        0.00     4.00   0.974
  Stone_Paver_s24           33.42       0.00       0.00       0.00      32.52       0.00      32.52        0.00     4.00   0.973
  Vegetation_s97            33.42      33.17       0.00      25.31      13.14      27.99      41.14        0.00     7.39   0.618
  Vegetation_s98            33.42       0.00       0.00      20.27       6.51       6.49      13.00        0.00     3.02   0.389
  Vegetation_s99            33.42       0.00       0.00      19.99       6.51       6.78      13.29        0.00     3.47   0.398
  Stone_Paver_s100          33.42      33.17       0.00       0.00      65.71       0.00      65.71        0.01     8.00   0.987
  Roof_s101                 33.42       0.00       0.00       0.00      33.17       0.00      33.17        0.00     4.00   0.993
  Roof_s170                 33.42       0.00       0.00       0.00      33.17       0.00      33.17        0.00     4.00   0.993
  Vegetation_s171           33.42      41.14       0.00      24.01      14.73      35.68      50.41        0.01    10.63   0.676
  Stone_Paver_s172          33.42     102.36       0.00       0.00     134.92       0.00     134.92        0.01    25.64   0.994
  Stone_Paver_s173          33.42      65.71       0.00       0.00      98.26       0.00      98.26        0.01    12.00   0.991
  Stone_Paver_s174          33.42       0.00       0.00       0.00      32.52       0.00      32.52        0.00     4.00   0.973
  Stone_Paver_s237          33.42       0.00       0.00       0.00      32.53       0.00      32.53        0.00     4.00   0.973
  Vegetation_s244           33.42       0.00       0.00      20.60       6.51       6.15      12.66        0.00     2.48   0.379
  Vegetation_s245           33.42       0.00       0.00      20.25       6.51       6.50      13.01        0.00     3.05   0.389
  Stone_Paver_s246          33.42      53.51       0.00       0.00      86.04       0.00      86.04        0.01    13.17   0.990
  Vegetation_s308           33.42       0.00       0.00      20.27       6.51       6.48      12.99        0.00     3.01   0.389
  Vegetation_s309           33.42       0.00       0.00      20.14       6.51       6.61      13.13        0.00     3.23   0.393
  Vegetation_s310           33.42      32.53       0.00      25.02      13.01      27.77      40.78        0.00     7.61   0.618
  Vegetation_s311           33.42       0.00       0.00      20.19       6.51       6.56      13.07        0.00     3.15   0.391
  Vegetation_s312           33.42       0.00       0.00      20.12       6.51       6.64      13.15        0.00     3.28   0.394
  Vegetation_s313           33.42       0.00       0.00      20.34       6.51       6.42      12.93        0.00     2.90   0.387
  Vegetation_s314           33.42       0.00       0.00      20.18       6.51       6.57      13.09        0.00     3.17   0.392
  Vegetation_s315           33.42       0.00       0.00      20.30       6.51       6.45      12.96        0.00     2.96   0.388
  Vegetation_s318           33.42       0.00       0.00      20.95       6.51       5.79      12.30        0.00     2.08   0.368
  Vegetation_s319           33.42      33.17       0.00      25.27      13.18      28.03      41.21        0.00     7.47   0.619
  Vegetation_s380           33.42       0.00       0.00      20.28       6.51       6.47      12.98        0.00     3.00   0.389
  Vegetation_s381           33.42       0.00       0.00      20.11       6.51       6.65      13.16        0.00     3.29   0.394
  Vegetation_s382           33.42      12.99       0.00      21.69       9.10      15.48      24.59        0.00     6.11   0.530
  Street_s383               33.42      66.98       0.00       0.00     100.16       0.00     100.16        0.01    17.61   0.998
  Vegetation_s384           33.42       0.00       0.00      20.02       6.51       6.74      13.25        0.00     3.42   0.396
  Vegetation_s385           33.42      13.15       0.00      21.73       9.14      15.56      24.70        0.00     6.26   0.530
  Vegetation_s386           33.42       0.00       0.00      20.07       6.51       6.69      13.20        0.00     3.35   0.395
  Street_s387               33.42      26.01       0.00       0.00      59.19       0.00      59.19        0.01     9.64   0.996
  Street_s388               33.42      12.96       0.00       0.00      46.13       0.00      46.13        0.00     6.70   0.995
  Vegetation_s390           33.42       0.00       0.00      20.25       6.51       6.50      13.01        0.00     3.05   0.389
  Roof_s392                 33.42       0.00       0.00       0.00      33.17       0.00      33.17        0.00     4.00   0.993
  Vegetation_s452           33.42       0.00       0.00      20.23       6.51       6.52      13.04        0.00     3.08   0.390
  Vegetation_s453           33.42       0.00       0.00      20.17       6.51       6.59      13.10        0.00     3.20   0.392
  Vegetation_s454           33.42      12.98       0.00      21.68       9.10      15.49      24.59        0.00     6.13   0.530
  Street_s455               33.42     110.02       0.00       0.00     143.22       0.00     143.22        0.01    29.56   0.998
  Street_s456               33.42     100.16       0.00       0.00     133.35       0.00     133.35        0.01    21.07   0.998
  Street_s457               33.42      54.53       0.00       0.00      87.70       0.00      87.70        0.01    14.87   0.997
  Street_s458               33.42      65.95       0.00       0.00      99.13       0.00      99.13        0.01    17.42   0.998
  Street_s459               33.42      13.20       0.00       0.00      46.37       0.00      46.37        0.00     7.19   0.995
  Street_s460               33.42     107.64       0.00       0.00     140.85       0.00     140.85        0.01    19.59   0.998
  Street_s461               33.42       0.00       0.00       0.00      33.18       0.00      33.18        0.00     4.00   0.993
  Street_s462               33.42       0.00       0.00       0.00      33.17       0.00      33.17        0.00     4.00   0.993
  Street_s463               33.42      13.01       0.00       0.00      46.18       0.00      46.18        0.00     6.76   0.995
  Street_s469               33.42      75.87       0.00       0.00     109.06       0.00     109.06        0.01    19.49   0.998
  Vegetation_s470           33.42       0.00       0.00      20.13       6.51       6.63      13.14        0.00     3.26   0.393
  Vegetation_s471           33.42       0.00       0.00      20.39       6.51       6.36      12.87        0.00     2.81   0.385
  Vegetation_s472           33.42      66.35       0.00      26.12      19.78      53.73      73.51        0.01    11.46   0.737
  Roof_s473                 33.42       0.00       0.00       0.00      33.17       0.00      33.17        0.00     4.00   0.993
  Vegetation_s526           33.42      13.04       0.00      21.70       9.11      15.51      24.62        0.00     6.16   0.530
  Vegetation_s527           33.42      37.72       0.00      23.33      14.05      33.63      47.68        0.00    11.64   0.670
  Street_s529               33.42      74.44       0.00       0.00     107.64       0.00     107.64        0.01    15.56   0.998
  Vegetation_s530           33.42      33.17       0.00      25.17      13.14      28.13      41.27        0.00     7.61   0.620
  Vegetation_s531           33.42      33.17       0.00      25.17      13.14      28.14      41.28        0.00     7.62   0.620
  Vegetation_s532           33.42      33.17       0.00      25.19      13.14      28.11      41.25        0.00     7.59   0.619
  Roof_s533                 33.42       0.00       0.00       0.00      33.17       0.00      33.17        0.00     4.00   0.993
  Vegetation_s534           33.42      33.17       0.00      25.16      13.14      28.15      41.29        0.00     7.63   0.620
  Street_s536               33.42       0.00       0.00       0.00      33.17       0.00      33.17        0.00     4.00   0.993
  Street_s537               33.42       0.00       0.00       0.00      33.17       0.00      33.17        0.00     4.00   0.992
  Street_s541               33.42     135.27       0.00       0.00     168.46       0.00     168.46        0.02    28.59   0.999
  Vegetation_s542           33.42       0.00       0.00      20.06       6.51       6.70      13.21        0.00     3.37   0.395
  Vegetation_s543           33.42      54.11       0.00      24.65      17.33      45.41      62.73        0.01    13.02   0.717
  Vegetation_s544           33.42      33.17       0.00      25.21      13.14      28.09      41.23        0.00     7.57   0.619
  Roof_s545                 33.42       0.00       0.00       0.00      33.17       0.00      33.17        0.00     4.00   0.993
  Street_s546               33.42      73.51       0.00       0.00     106.68       0.00     106.68        0.01    15.32   0.998
  Roof_s602                 33.42       0.00       0.00       0.00      33.17       0.00      33.17        0.00     4.00   0.993
  Roof_s603                 33.42       0.00       0.00       0.00      33.17       0.00      33.17        0.00     4.00   0.993
  Roof_s604                 33.42       0.00       0.00       0.00      33.17       0.00      33.17        0.00     4.00   0.993
  Roof_s605                 33.42       0.00       0.00       0.00      33.17       0.00      33.17        0.00     4.00   0.993
  Roof_s607                 33.42       0.00       0.00       0.00      33.17       0.00      33.17        0.00     4.00   0.993
  Street_s610               33.42      41.10       0.00       0.00      74.27       0.00      74.27        0.01    11.15   0.997
  Street_s611               33.42       0.00       0.00       0.00      33.17       0.00      33.17        0.00     4.00   0.992
  Street_s613               33.42      46.28       0.00       0.00      79.47       0.00      79.47        0.01    10.99   0.997
  Street_s614               33.42       0.00       0.00       0.00      33.18       0.00      33.18        0.00     4.00   0.993
  Vegetation_s615           33.42       0.00       0.00      20.26       6.51       6.49      13.00        0.00     3.03   0.389
  Roof_s617                 33.42       0.00       0.00       0.00      33.17       0.00      33.17        0.00     4.00   0.993
  Roof_s623                 33.42       0.00       0.00       0.00      33.17       0.00      33.17        0.00     4.00   0.993
  Vegetation_s684           33.42      33.17       0.00      25.34      13.14      27.96      41.10        0.00     7.31   0.617
  Street_s685               33.42      13.15       0.00       0.00      46.32       0.00      46.32        0.00     7.08   0.995
  Vegetation_s686           33.42       0.00       0.00      20.12       6.51       6.64      13.15        0.00     3.27   0.393
  Vegetation_s687           33.42       0.00       0.00      20.17       6.51       6.58      13.09        0.00     3.18   0.392
  Vegetation_s694           33.42      66.35       0.00      26.28      19.78      53.57      73.35        0.01    11.29   0.735
  Roof_s695                 33.42       0.00       0.00       0.00      33.17       0.00      33.17        0.00     4.00   0.993
  Vegetation_s696           33.42      33.17       0.00      25.18      13.14      28.13      41.27        0.00     7.61   0.620
  Stone_Paver_s697          33.42       0.00       0.00       0.00      32.54       0.00      32.54        0.00     4.00   0.974
  Stone_Paver_s698          33.42       0.00       0.00       0.00      32.53       0.00      32.53        0.00     4.00   0.973
  Roof_s757                 33.42       0.00       0.00       0.00      33.17       0.00      33.17        0.00     4.00   0.993
  Roof_s767                 33.42       0.00       0.00       0.00      33.17       0.00      33.17        0.00     4.00   0.993
  Vegetation_s768           33.42      73.35       0.00      25.43      21.18      60.03      81.20        0.01    14.32   0.761
  Stone_Paver_s769          33.42     220.57       0.00       0.00     253.12       0.00     253.12        0.03    37.19   0.997
  Stone_Paver_s770          33.42     392.63       0.00       0.00     425.19       0.00     425.19        0.04    59.92   0.998
  Stone_Paver_s771          33.42       0.00       0.00       0.00      32.53       0.00      32.53        0.00     4.00   0.973
  Stone_Paver_s772          33.42      33.17       0.00       0.00      65.71       0.00      65.71        0.01     8.00   0.987
  Roof_s840                 33.42       0.00       0.00       0.00      33.17       0.00      33.17        0.00     4.00   0.993
  Vegetation_s841           33.42      99.52       0.00      26.62      26.42      79.78     106.20        0.01    15.45   0.799
  Roof_s842                 33.42       0.00       0.00       0.00      33.17       0.00      33.17        0.00     4.00   0.993
  Roof_s843                 33.42       0.00       0.00       0.00      33.17       0.00      33.17        0.00     4.00   0.993
  Stone_Paver_s844          33.42     131.41       0.00       0.00     163.99       0.00     163.99        0.02    20.00   0.995
  Roof_s845                 33.42       0.00       0.00       0.00      33.17       0.00      33.17        0.00     4.00   0.993
  Street_s908               33.42       0.00       0.00       0.00      33.14       0.00      33.14        0.00     3.91   0.992
  Vegetation_s913           33.42       0.00       0.00      20.12       6.51       6.64      13.15        0.00     3.27   0.393
  Roof_s914                 33.42       0.00       0.00       0.00      33.17       0.00      33.17        0.00     4.00   0.993
  Roof_s915                 33.42       0.00       0.00       0.00      33.17       0.00      33.17        0.00     4.00   0.993
  Roof_s917                 33.42       0.00       0.00       0.00      33.17       0.00      33.17        0.00     4.00   0.993
  Vegetation_s985           33.42       0.00       0.00      20.30       6.51       6.46      12.97        0.00     2.97   0.388
  Vegetation_s986           33.42      46.32       0.00      25.35      15.77      38.48      54.25        0.01    10.50   0.680
  Roof_s987                 33.42       0.00       0.00       0.00      33.17       0.00      33.17        0.00     4.00   0.993
  Vegetation_s1037          33.42       0.00       0.00      20.16       6.51       6.60      13.11        0.00     3.21   0.392
  Roof_s1041                33.42       0.00       0.00       0.00      33.17       0.00      33.17        0.00     4.00   0.993
  Vegetation_s1042          33.42      33.17       0.00      25.21      13.14      28.09      41.23        0.00     7.57   0.619
  Vegetation_s1043          33.42      33.17       0.00      25.17      13.14      28.14      41.28        0.00     7.62   0.620
  Roof_s1044                33.42       0.00       0.00       0.00      33.17       0.00      33.17        0.00     4.00   0.993
  Vegetation_s1046          33.42      33.17       0.00      25.20      13.14      28.10      41.24        0.00     7.58   0.619
  Street_s1053              33.42       0.00       0.00       0.00      33.18       0.00      33.18        0.00     4.00   0.993
  Vegetation_s1058          33.42       0.00       0.00      20.00       6.51       6.77      13.28        0.00     3.46   0.397
  Street_s1059              33.42     221.36       0.00       0.00     254.55       0.00     254.55        0.03    39.94   0.999
  Vegetation_s1109          33.42       0.00       0.00      20.10       6.51       6.66      13.17        0.00     3.30   0.394
  Vegetation_s1110          33.42       0.00       0.00      20.02       6.51       6.75      13.26        0.00     3.43   0.397
  Vegetation_s1111          33.42      13.11       0.00      21.64       9.13      15.63      24.76        0.00     6.42   0.532
  Vegetation_s1112          33.42       0.00       0.00      20.06       6.51       6.70      13.21        0.00     3.36   0.395
  Street_s1113              33.42       0.00       0.00       0.00      33.16       0.00      33.16        0.00     4.00   0.992
  Street_s1114              33.42       0.00       0.00       0.00      33.16       0.00      33.16        0.00     4.00   0.992
  Street_s1115              33.42      41.23       0.00       0.00      74.41       0.00      74.41        0.01    11.48   0.997
  Street_s1116              33.42      41.28       0.00       0.00      74.46       0.00      74.46        0.01    11.57   0.997
  Street_s1117              33.42       0.00       0.00       0.00      33.17       0.00      33.17        0.00     4.00   0.993
  Vegetation_s1118          33.42      41.24       0.00      23.90      14.76      35.87      50.63        0.01    11.03   0.678
  Roof_s1119                33.42       0.00       0.00       0.00      33.17       0.00      33.17        0.00     4.00   0.993
  Vegetation_s1130          33.42      33.17       0.00      25.13      13.15      28.18      41.33        0.00     7.65   0.621
  Street_s1131              33.42      41.33       0.00       0.00      74.50       0.00      74.50        0.01    11.63   0.997
  Street_s1132              33.42      33.17       0.00       0.00      66.36       0.00      66.36        0.01     8.00   0.996
  Vegetation_s1181          33.42       0.00       0.00      20.05       6.51       6.71      13.22        0.00     3.38   0.396
  Vegetation_s1182          33.42       0.00       0.00      20.02       6.51       6.74      13.25        0.00     3.42   0.396
  Street_s1183              33.42      13.17       0.00       0.00      46.34       0.00      46.34        0.00     7.14   0.995
  Street_s1184              33.42     370.14       0.00       0.00     403.33       0.00     403.33        0.04    67.01   0.999
  Street_s1185              33.42      49.70       0.00       0.00      82.88       0.00      82.88        0.01    15.76   0.997
  Street_s1186              33.42      13.24       0.00       0.00      46.41       0.00      46.41        0.00     7.26   0.995
  Street_s1189              33.42       0.00       0.00       0.00      33.14       0.00      33.14        0.00     3.91   0.992
  Street_s1190              33.42       0.00       0.00       0.00      33.16       0.00      33.16        0.00     4.00   0.992
  Street_s1191              33.42      50.63       0.00       0.00      83.81       0.00      83.81        0.01    14.82   0.997
  Vegetation_s1192          33.42      33.17       0.00      25.15      13.14      28.16      41.30        0.00     7.64   0.620
  Roof_s1193                33.42       0.00       0.00       0.00      33.17       0.00      33.17        0.00     4.00   0.993
  Vegetation_s1195          33.42      33.17       0.00      25.28      13.14      28.02      41.16        0.00     7.45   0.618
  Roof_s1203                33.42       0.00       0.00       0.00      33.17       0.00      33.17        0.00     4.00   0.993
  Roof_s1205                33.42       0.00       0.00       0.00      33.17       0.00      33.17        0.00     4.00   0.993
  Vegetation_s1252          33.42       0.00       0.00      19.97       6.51       6.79      13.30        0.00     3.49   0.398
  Vegetation_s1253          33.42       0.00       0.00      20.03       6.51       6.73      13.24        0.00     3.41   0.396
  Vegetation_s1254          33.42       0.00       0.00      19.92       6.51       6.85      13.36        0.00     3.56   0.400
  Street_s1255              33.42      13.22       0.00       0.00      46.40       0.00      46.40        0.00     7.24   0.995
  Street_s1256              33.42     226.16       0.00       0.00     259.37       0.00     259.37        0.03    42.15   0.999
  Vegetation_s1257          33.42       0.00       0.00      20.02       6.51       6.74      13.25        0.00     3.43   0.397
  Vegetation_s1258          33.42       0.00       0.00      20.12       6.51       6.64      13.15        0.00     3.27   0.393
  Vegetation_s1259          33.42      26.26       0.00      23.05      11.76      24.73      36.49        0.00     9.12   0.611
  Vegetation_s1260          33.42       0.00       0.00      20.03       6.51       6.73      13.24        0.00     3.40   0.396
  Street_s1264              33.42      33.17       0.00       0.00      66.36       0.00      66.36        0.01     8.00   0.996
  Street_s1265              33.42      41.30       0.00       0.00      74.48       0.00      74.48        0.01    11.61   0.997
  Street_s1266              33.42       0.00       0.00       0.00      33.18       0.00      33.18        0.00     4.00   0.993
  Vegetation_s1267          33.42      41.16       0.00      23.92      14.74      35.79      50.53        0.01    10.86   0.677
  Roof_s1268                33.42       0.00       0.00       0.00      33.17       0.00      33.17        0.00     4.00   0.993
  Vegetation_s1270          33.42      33.17       0.00      25.34      13.14      27.96      41.10        0.00     7.31   0.617
  Vegetation_s1271          33.42       0.00       0.00      20.10       6.51       6.66      13.17        0.00     3.30   0.394
  Vegetation_s1272          33.42       0.00       0.00      20.23       6.51       6.53      13.04        0.00     3.09   0.390
  Street_s1281              33.42      33.17       0.00       0.00      66.35       0.00      66.35        0.01     8.00   0.996
  Street_s1292              33.42       0.00       0.00       0.00      33.18       0.00      33.18        0.00     4.00   0.993
  Vegetation_s1293          33.42       0.00       0.00      20.08       6.51       6.68      13.19        0.00     3.33   0.395
  Vegetation_s1294          33.42       0.00       0.00      20.18       6.51       6.58      13.09        0.00     3.18   0.392
  Vegetation_s1324          33.42       0.00       0.00      20.24       6.51       6.52      13.03        0.00     3.07   0.390
  Vegetation_s1325          33.42       0.00       0.00      19.98       6.51       6.79      13.30        0.00     3.49   0.398
  Street_s1326              33.42      72.80       0.00       0.00     105.99       0.00     105.99        0.01    17.38   0.998
  Street_s1327              33.42     343.43       0.00       0.00     379.05       0.00     379.05        0.04    58.83   1.006
  Stone_Paver_s1328         33.42      33.17       0.00       0.00      65.71       0.00      65.71        0.01     8.00   0.987
  Vegetation_s1329          33.42      79.65       0.00      25.05      22.43      65.46      87.89        0.01    18.25   0.777
  Vegetation_s1330          33.42       0.00       0.00      20.35       6.51       6.40      12.91        0.00     2.87   0.386
  Vegetation_s1331          33.42       0.00       0.00      20.32       6.51       6.43      12.94        0.00     2.93   0.387
  Vegetation_s1332          33.42       0.00       0.00      19.96       6.51       6.81      13.32        0.00     3.51   0.399
  Street_s1338              33.42       0.00       0.00       0.00      33.17       0.00      33.17        0.00     4.00   0.993
  Street_s1339              33.42      92.55       0.00       0.00     125.74       0.00     125.74        0.01    17.72   0.998
  Street_s1340              33.42      50.53       0.00       0.00      83.70       0.00      83.70        0.01    14.61   0.997
  Roof_s1343                33.42       0.00       0.00       0.00      33.17       0.00      33.17        0.00     4.00   0.993
  Vegetation_s1344          33.42     141.82       0.00      26.01      34.87     114.27     149.14        0.01    28.04   0.851
  Vegetation_s1345          33.42      33.17       0.00      25.11      13.14      28.21      41.34        0.00     7.67   0.621
  Street_s1352              33.42      33.17       0.00       0.00      66.35       0.00      66.35        0.01     8.00   0.996
  Roof_s1353                33.42       0.00       0.00       0.00      33.17       0.00      33.17        0.00     4.00   0.993
  Roof_s1354                33.42       0.00       0.00       0.00      33.17       0.00      33.17        0.00     4.00   0.993
  Vegetation_s1359          33.42       0.00       0.00      20.04       6.51       6.73      13.24        0.00     3.40   0.396
  Vegetation_s1360          33.42       0.00       0.00      20.23       6.51       6.52      13.03        0.00     3.08   0.390
  Street_s1365              33.42      13.19       0.00       0.00      46.36       0.00      46.36        0.00     7.15   0.995
  Vegetation_s1366          33.42       0.00       0.00      20.10       6.51       6.66      13.17        0.00     3.30   0.394
  Vegetation_s1367          33.42      33.17       0.00      25.19      13.14      28.12      41.26        0.00     7.60   0.620
  Stone_Paver_s1368         33.42      54.35       0.00       0.00      86.89       0.00      86.89        0.01    14.53   0.990
  Vegetation_s1397          33.42       0.00       0.00      20.25       6.51       6.51      13.02        0.00     3.05   0.390
  Street_s1398              33.42      13.03       0.00       0.00      46.20       0.00      46.20        0.00     6.84   0.995
  Street_s1399              33.42     145.10       0.00       0.00     178.31       0.00     178.31        0.02    22.59   0.999
  Stone_Paver_s1400         33.42       0.00       0.00       0.00      32.53       0.00      32.53        0.00     4.00   0.973
  Roof_s1401                33.42       0.00       0.00       0.00      33.17       0.00      33.17        0.00     4.00   0.993
  Vegetation_s1402          33.42       0.00       0.00      20.01       6.51       6.75      13.26        0.00     3.44   0.397
  Vegetation_s1403          33.42      58.68       0.00      25.57      18.24      48.14      66.39        0.01    12.70   0.721
  Vegetation_s1412          33.42       0.00       0.00      20.09       6.51       6.67      13.18        0.00     3.32   0.394
  Street_s1413              33.42      13.01       0.00       0.00      46.18       0.00      46.18        0.00     6.79   0.995
  Street_s1414              33.42      24.28       0.00       0.00      57.44       0.00      57.44        0.01     8.93   0.996
  Street_s1415              33.42       0.00       0.00       0.00      33.17       0.00      33.17        0.00     4.00   0.993
  Vegetation_s1416          33.42     149.14       0.00      25.50      36.33     120.63     156.97        0.02    30.19   0.860
  Roof_s1417                33.42       0.00       0.00       0.00      33.17       0.00      33.17        0.00     4.00   0.993
  Roof_s1418                33.42       0.00       0.00       0.00      33.17       0.00      33.17        0.00     4.00   0.993
  Vegetation_s1419          33.42       0.00       0.00      20.05       6.51       6.72      13.23        0.00     3.39   0.396
  Street_s1431              33.42      99.53       0.00       0.00     132.73       0.00     132.73        0.01    16.00   0.998
  Street_s1432              33.42      26.27       0.00       0.00      59.45       0.00      59.45        0.01    10.14   0.996
  Vegetation_s1433          33.42       0.00       0.00      20.14       6.51       6.62      13.13        0.00     3.24   0.393
  Vegetation_s1439          33.42      13.17       0.00      22.01       9.14      15.28      24.42        0.00     5.53   0.524
  Roof_s1440                33.42       0.00       0.00       0.00      33.17       0.00      33.17        0.00     4.00   0.993
  Stone_Paver_s1441         33.42      98.21       0.00       0.00     130.77       0.00     130.77        0.01    15.99   0.994
  Stone_Paver_s1442         33.42       0.00       0.00       0.00      32.52       0.00      32.52        0.00     4.00   0.973
  Stone_Paver_s1443         33.42      66.35       0.00       0.00      98.88       0.00      98.88        0.01    11.87   0.991
  Roof_s1467                33.42       0.00       0.00       0.00      33.17       0.00      33.17        0.00     4.00   0.993
  Vegetation_s1468          33.42      33.17       0.00      25.30      13.14      27.99      41.14        0.00     7.40   0.618
  Vegetation_s1469          33.42       0.00       0.00      19.98       6.51       6.78      13.29        0.00     3.48   0.398
  Street_s1470              33.42       0.00       0.00       0.00      33.18       0.00      33.18        0.00     4.00   0.993
  Street_s1471              33.42      46.20       0.00       0.00      79.39       0.00      79.39        0.01    10.85   0.997
  Stone_Paver_s1473         33.42      33.17       0.00       0.00      65.71       0.00      65.71        0.01     8.00   0.987
  Roof_s1474                33.42       0.00       0.00       0.00      33.17       0.00      33.17        0.00     4.00   0.993
  Stone_Paver_s1475         33.42       0.00       0.00       0.00      32.53       0.00      32.53        0.00     4.00   0.973
  Vegetation_s1476          33.42       0.00       0.00      20.13       6.51       6.63      13.14        0.00     3.26   0.393
  Vegetation_s1477          33.42       0.00       0.00      20.25       6.51       6.50      13.01        0.00     3.05   0.389
  Vegetation_s1485          33.42       0.00       0.00      20.25       6.51       6.50      13.01        0.00     3.05   0.389
  Vegetation_s1486          33.42      12.91       0.00      21.90       9.09      15.19      24.28        0.00     5.48   0.524
  Street_s1488              33.42       0.00       0.00       0.00      33.16       0.00      33.16        0.00     4.00   0.992
  Street_s1489              33.42     156.97       0.00       0.00     190.17       0.00     190.17        0.02    32.71   0.999
  Street_s1490              33.42       0.00       0.00       0.00      33.18       0.00      33.18        0.00     4.00   0.993
  Vegetation_s1491          33.42       0.00       0.00      19.99       6.51       6.78      13.29        0.00     3.47   0.398
  Vegetation_s1492          33.42      13.23       0.00      21.79       9.15      15.56      24.71        0.00     6.22   0.530
  Roof_s1504                33.42       0.00       0.00       0.00      33.17       0.00      33.17        0.00     4.00   0.993
  Street_s1505              33.42      33.17       0.00       0.00      66.36       0.00      66.36        0.01     8.00   0.996
  Street_s1506              33.42     120.78       0.00       0.00     153.98       0.00     153.98        0.02    22.69   0.999
  Vegetation_s1512          33.42      33.17       0.00      25.18      13.14      28.12      41.26        0.00     7.60   0.620
  Stone_Paver_s1513         33.42      65.68       0.00       0.00      98.22       0.00      98.22        0.01    16.55   0.991
  Roof_s1514                33.42       0.00       0.00       0.00      33.17       0.00      33.17        0.00     4.00   0.993
  Stone_Paver_s1515         33.42       0.00       0.00       0.00      32.51       0.00      32.51        0.00     3.99   0.973
  Roof_s1516                33.42       0.00       0.00       0.00      33.17       0.00      33.17        0.00     4.00   0.993
  Roof_s1517                33.42       0.00       0.00       0.00      33.17       0.00      33.17        0.00     4.00   0.993
  Vegetation_s1541          33.42       0.00       0.00      20.01       6.51       6.75      13.26        0.00     3.44   0.397
  Street_s1542              33.42      54.43       0.00       0.00      87.61       0.00      87.61        0.01    14.62   0.997
  Vegetation_s1558          33.42       0.00       0.00      20.35       6.51       6.40      12.91        0.00     2.87   0.386
  Street_s1562              33.42       0.00       0.00       0.00      33.17       0.00      33.17        0.00     4.00   0.993
  Street_s1563              33.42      33.18       0.00       0.00      66.37       0.00      66.37        0.01     8.00   0.996
  Street_s1564              33.42      38.00       0.00       0.00      71.18       0.00      71.18        0.01    13.18   0.997
  Vegetation_s1565          33.42       0.00       0.00      19.95       6.51       6.82      13.33        0.00     3.52   0.399
  Vegetation_s1566          33.42       0.00       0.00      19.89       6.51       6.88      13.39        0.00     3.58   0.401
  Roof_s1578                33.42       0.00       0.00       0.00      33.17       0.00      33.17        0.00     4.00   0.993
  Vegetation_s1579          33.42      33.17       0.00      25.15      13.14      28.16      41.30        0.00     7.64   0.620
  Street_s1580              33.42      33.17       0.00       0.00      66.35       0.00      66.35        0.01     8.00   0.996
  Roof_s1585                33.42       0.00       0.00       0.00      33.17       0.00      33.17        0.00     4.00   0.993
  Stone_Paver_s1586         33.42      33.17       0.00       0.00      65.71       0.00      65.71        0.01     8.00   0.987
  Roof_s1587                33.42       0.00       0.00       0.00      33.17       0.00      33.17        0.00     4.00   0.993
  Stone_Paver_s1588         33.42      66.35       0.00       0.00      98.91       0.00      98.91        0.01    12.00   0.991
  Roof_s1589                33.42       0.00       0.00       0.00      33.17       0.00      33.17        0.00     4.00   0.993
  Roof_s1590                33.42       0.00       0.00       0.00      33.17       0.00      33.17        0.00     4.00   0.993
  Vegetation_s1609          33.42       0.00       0.00      20.11       6.51       6.65      13.16        0.00     3.28   0.394
  Vegetation_s1611          33.42       0.00       0.00      20.22       6.51       6.54      13.05        0.00     3.10   0.390
  Vegetation_s1612          33.42       0.00       0.00      19.97       6.51       6.79      13.30        0.00     3.49   0.398
  Street_s1613              33.42       0.00       0.00       0.00      33.18       0.00      33.18        0.00     4.00   0.993
  Street_s1614              33.42     100.87       0.00       0.00     134.05       0.00     134.05        0.01    21.60   0.998
  Street_s1635              33.42       0.00       0.00       0.00      33.18       0.00      33.18        0.00     4.00   0.993
  Street_s1638              33.42      54.53       0.00       0.00      87.71       0.00      87.71        0.01    14.86   0.997
  Street_s1639              33.42      13.39       0.00       0.00      46.57       0.00      46.57        0.00     7.51   0.995
  Roof_s1652                33.42       0.00       0.00       0.00      33.17       0.00      33.17        0.00     4.00   0.993
  Roof_s1653                33.42       0.00       0.00       0.00      33.17       0.00      33.17        0.00     4.00   0.993
  Street_s1654              33.42       0.00       0.00       0.00      33.18       0.00      33.18        0.00     4.00   0.993
  Stone_Paver_s1661         33.42     165.25       0.00       0.00     197.84       0.00     197.84        0.02    24.00   0.996
  Roof_s1662                33.42       0.00       0.00       0.00      33.17       0.00      33.17        0.00     4.00   0.993
  Roof_s1663                33.42       0.00       0.00       0.00      33.17       0.00      33.17        0.00     4.00   0.993
  Stone_Paver_s1667         33.42       0.00       0.00       0.00      32.53       0.00      32.53        0.00     4.00   0.973
  Vegetation_s1680          33.42       0.00       0.00      20.04       6.51       6.73      13.24        0.00     3.40   0.396
  Vegetation_s1681          33.42      13.16       0.00      21.88       9.14      15.41      24.55        0.00     5.87   0.527
  Vegetation_s1682          33.42       0.00       0.00      20.07       6.51       6.69      13.20        0.00     3.35   0.395
  Vegetation_s1683          33.42       0.00       0.00      20.09       6.51       6.67      13.18        0.00     3.32   0.394
  Vegetation_s1684          33.42       0.00       0.00      19.98       6.51       6.79      13.30        0.00     3.49   0.398
  Street_s1685              33.42      26.35       0.00       0.00      59.53       0.00      59.53        0.01    10.30   0.996
  Street_s1686              33.42      33.18       0.00       0.00      66.37       0.00      66.37        0.01     8.00   0.996
  Street_s1708              33.42       0.00       0.00       0.00      33.18       0.00      33.18        0.00     4.00   0.993
  Vegetation_s1712          33.42      33.17       0.00      25.24      13.14      28.06      41.20        0.00     7.52   0.619
  Street_s1714              33.42       0.00       0.00       0.00      33.17       0.00      33.17        0.00     4.00   0.992
  Vegetation_s1715          33.42       0.00       0.00      20.11       6.51       6.65      13.16        0.00     3.28   0.394
  Vegetation_s1724          33.42       0.00       0.00      20.60       6.51       6.15      12.66        0.00     2.48   0.379
  Street_s1725              33.42      33.17       0.00       0.00      66.35       0.00      66.35        0.01     8.00   0.996
  Roof_s1726                33.42       0.00       0.00       0.00      33.17       0.00      33.17        0.00     4.00   0.993
  Street_s1727              33.42      33.18       0.00       0.00      66.37       0.00      66.37        0.01     8.00   0.997
  Vegetation_s1728          33.42       0.00       0.00      20.10       6.51       6.66      13.17        0.00     3.31   0.394
  Roof_s1736                33.42       0.00       0.00       0.00      33.17       0.00      33.17        0.00     4.00   0.993
  Stone_Paver_s1740         33.42      98.88       0.00       0.00     131.46       0.00     131.46        0.01    16.00   0.994
  Roof_s1741                33.42       0.00       0.00       0.00      33.17       0.00      33.17        0.00     4.00   0.993
  Roof_s1742                33.42       0.00       0.00       0.00      33.17       0.00      33.17        0.00     4.00   0.993
  Street_s1752              33.42       0.00       0.00       0.00      33.18       0.00      33.18        0.00     4.00   0.993
  Street_s1753              33.42      37.79       0.00       0.00      70.97       0.00      70.97        0.01    12.69   0.997
  Vegetation_s1754          33.42       0.00       0.00      20.05       6.51       6.72      13.22        0.00     3.39   0.396
  Vegetation_s1755          33.42      13.20       0.00      21.84       9.15      15.50      24.64        0.00     6.06   0.529
  Vegetation_s1756          33.42       0.00       0.00      20.01       6.51       6.76      13.27        0.00     3.45   0.397
  Street_s1757              33.42      26.48       0.00       0.00      59.66       0.00      59.66        0.01    10.53   0.996
  Street_s1758              33.42       0.00       0.00       0.00      33.18       0.00      33.18        0.00     4.00   0.993
  Street_s1781              33.42       0.00       0.00       0.00      33.18       0.00      33.18        0.00     4.00   0.993
  Street_s1782              33.42       0.00       0.00       0.00      33.17       0.00      33.17        0.00     4.00   0.992
  Roof_s1785                33.42       0.00       0.00       0.00      33.17       0.00      33.17        0.00     4.00   0.993
  Street_s1788              33.42      13.16       0.00       0.00      46.32       0.00      46.32        0.00     7.07   0.995
  Vegetation_s1797          33.42       0.00       0.00      20.34       6.51       6.42      12.93        0.00     2.90   0.387
  Vegetation_s1798          33.42      79.01       0.00      26.32      22.31      63.66      85.97        0.01    13.36   0.765
  Vegetation_s1799          33.42       0.00       0.00      19.98       6.51       6.78      13.29        0.00     3.47   0.398
  Street_s1800              33.42      92.83       0.00       0.00     126.03       0.00     126.03        0.01    18.53   0.998
  Vegetation_s1801          33.42       0.00       0.00      20.10       6.51       6.66      13.17        0.00     3.30   0.394
  Stone_Paver_s1808         33.42      99.52       0.00       0.00     132.10       0.00     132.10        0.01    16.00   0.994
  Roof_s1809                33.42       0.00       0.00       0.00      33.17       0.00      33.17        0.00     4.00   0.993
  Roof_s1813                33.42       0.00       0.00       0.00      33.17       0.00      33.17        0.00     4.00   0.993
  Stone_Paver_s1814         33.42      66.35       0.00       0.00      98.91       0.00      98.91        0.01    12.00   0.991
  Roof_s1815                33.42       0.00       0.00       0.00      33.17       0.00      33.17        0.00     4.00   0.993
  Stone_Paver_s1816         33.42       0.00       0.00       0.00      32.53       0.00      32.53        0.00     4.00   0.973
  Street_s1826              33.42       0.00       0.00       0.00      33.17       0.00      33.17        0.00     4.00   0.992
  Street_s1827              33.42      37.87       0.00       0.00      71.05       0.00      71.05        0.01    12.87   0.997
  Street_s1828              33.42       0.00       0.00       0.00      33.18       0.00      33.18        0.00     4.00   0.993
  Street_s1829              33.42      72.93       0.00       0.00     106.12       0.00     106.12        0.01    17.50   0.998
  Street_s1855              33.42      26.54       0.00       0.00      59.72       0.00      59.72        0.01    10.65   0.996
  Street_s1856              33.42       0.00       0.00       0.00      33.17       0.00      33.17        0.00     4.00   0.992
  Vegetation_s1870          33.42      33.17       0.00      25.28      13.14      28.02      41.16        0.00     7.44   0.618
  Vegetation_s1871          33.42      12.93       0.00      21.84       9.09      15.27      24.36        0.00     5.66   0.526
  Street_s1872              33.42      85.97       0.00       0.00     119.14       0.00     119.14        0.01    16.96   0.998
  Street_s1873              33.42       0.00       0.00       0.00      33.18       0.00      33.18        0.00     4.00   0.993
  Street_s1874              33.42      13.17       0.00       0.00      46.33       0.00      46.33        0.00     7.04   0.995
  Roof_s1881                33.42       0.00       0.00       0.00      33.17       0.00      33.17        0.00     4.00   0.993
  Stone_Paver_s1886         33.42      66.35       0.00       0.00      98.91       0.00      98.91        0.01    12.00   0.991
  Stone_Paver_s1887         33.42      98.91       0.00       0.00     131.46       0.00     131.46        0.01    16.00   0.993
  Stone_Paver_s1888         33.42      32.53       0.00       0.00      65.06       0.00      65.06        0.01     8.00   0.987
  Stone_Paver_s1889         33.42       0.00       0.00       0.00      32.54       0.00      32.54        0.00     4.00   0.974
  Street_s1900              33.42     137.39       0.00       0.00     170.60       0.00     170.60        0.02    24.16   0.999
  Street_s1901              33.42       0.00       0.00       0.00      33.17       0.00      33.17        0.00     4.00   0.993
  Vegetation_s1927          33.42       0.00       0.00      20.05       6.51       6.71      13.22        0.00     3.38   0.396
  Vegetation_s1928          33.42       0.00       0.00      19.96       6.51       6.81      13.32        0.00     3.51   0.399
  Street_s1929              33.42      36.81       0.00       0.00      69.99       0.00      69.99        0.01    13.07   0.997
  Street_s1930              33.42       0.00       0.00       0.00      33.14       0.00      33.14        0.00     3.91   0.992
  Vegetation_s1942          33.42      33.17       0.00      25.24      13.14      28.07      41.21        0.00     7.53   0.619
  Roof_s1943                33.42       0.00       0.00       0.00      33.17       0.00      33.17        0.00     4.00   0.993
  Vegetation_s1944          33.42      41.16       0.00      24.02      14.74      35.68      50.42        0.01    10.64   0.676
  Street_s1945              33.42     143.50       0.00       0.00     176.68       0.00     176.68        0.02    25.72   0.999
  Street_s1948              33.42       0.00       0.00       0.00      33.16       0.00      33.16        0.00     4.00   0.992
  Street_s1949              33.42       0.00       0.00       0.00      33.14       0.00      33.14        0.00     3.91   0.992
  Roof_s1958                33.42       0.00       0.00       0.00      33.17       0.00      33.17        0.00     4.00   0.993
  Roof_s1959                33.42       0.00       0.00       0.00      33.17       0.00      33.17        0.00     4.00   0.993
  Stone_Paver_s1960         33.42     508.49       0.00       0.00     541.07       0.00     541.07        0.05    70.70   0.998
  Stone_Paver_s1961         33.42      32.54       0.00       0.00      65.08       0.00      65.08        0.01     8.00   0.987
  Vegetation_s1962          33.42      66.35       0.00      25.98      19.78      53.88      73.65        0.01    11.57   0.738
  Roof_s1964                33.42       0.00       0.00       0.00      33.17       0.00      33.17        0.00     4.00   0.993
  Vegetation_s1965          33.42      33.17       0.00      25.12      13.14      28.19      41.33        0.00     7.66   0.621
  Street_s1966              33.42       0.00       0.00       0.00      33.18       0.00      33.18        0.00     4.00   0.993
  Street_s1973              33.42     203.77       0.00       0.00     236.97       0.00     236.97        0.02    31.30   0.999
  Vegetation_s2000          33.42       0.00       0.00      19.93       6.51       6.84      13.35        0.00     3.54   0.400
  Vegetation_s2001          33.42      26.56       0.00      23.03      11.82      24.99      36.81        0.00     9.71   0.614
  Street_s2002              33.42      67.49       0.00       0.00     100.67       0.00     100.67        0.01    17.30   0.998
  Street_s2003              33.42       0.00       0.00       0.00      33.16       0.00      33.16        0.00     4.00   0.992
  Vegetation_s2014          33.42      33.17       0.00      25.24      13.14      28.07      41.21        0.00     7.53   0.619
  Roof_s2015                33.42       0.00       0.00       0.00      33.17       0.00      33.17        0.00     4.00   0.993
  Vegetation_s2016          33.42      41.21       0.00      23.99      14.75      35.75      50.50        0.01    10.80   0.677
  Street_s2017              33.42      50.42       0.00       0.00      83.59       0.00      83.59        0.01    14.27   0.997
  Street_s2022              33.42       0.00       0.00       0.00      33.18       0.00      33.18        0.00     4.00   0.993
  Street_s2023              33.42       0.00       0.00       0.00      33.17       0.00      33.17        0.00     4.00   0.993
  Vegetation_s2027          33.42      33.17       0.00      25.24      13.14      28.07      41.21        0.00     7.53   0.619
  Roof_s2032                33.42       0.00       0.00       0.00      33.17       0.00      33.17        0.00     4.00   0.993
  Roof_s2033                33.42       0.00       0.00       0.00      33.17       0.00      33.17        0.00     4.00   0.993
  Vegetation_s2034          33.42      73.65       0.00      25.31      21.24      60.40      81.64        0.01    14.96   0.762
  Roof_s2035                33.42       0.00       0.00       0.00      33.17       0.00      33.17        0.00     4.00   0.993
  Roof_s2036                33.42       0.00       0.00       0.00      33.17       0.00      33.17        0.00     4.00   0.993
  Roof_s2037                33.42       0.00       0.00       0.00      33.17       0.00      33.17        0.00     4.00   0.993
  Street_s2038              33.42      74.50       0.00       0.00     107.69       0.00     107.69        0.01    15.63   0.998
  Vegetation_s2073          33.42       0.00       0.00      20.07       6.51       6.70      13.20        0.00     3.36   0.395
  Vegetation_s2074          33.42      46.34       0.00      25.42      15.84      38.42      54.26        0.01    10.40   0.680
  Vegetation_s2075          33.42       0.00       0.00      20.04       6.51       6.72      13.23        0.00     3.39   0.396
  Street_s2076              33.42      13.18       0.00       0.00      46.35       0.00      46.35        0.00     7.12   0.995
  Roof_s2087                33.42       0.00       0.00       0.00      33.17       0.00      33.17        0.00     4.00   0.993
  Vegetation_s2088          33.42      41.21       0.00      23.97      14.75      35.77      50.52        0.01    10.85   0.677
  Street_s2089              33.42      50.50       0.00       0.00      83.68       0.00      83.68        0.01    14.49   0.997
  Street_s2090              33.42       0.00       0.00       0.00      33.17       0.00      33.17        0.00     4.00   0.993
  Street_s2097              33.42       0.00       0.00       0.00      33.16       0.00      33.16        0.00     4.00   0.992
  Street_s2098              33.42       0.00       0.00       0.00      33.16       0.00      33.16        0.00     4.00   0.992
  Vegetation_s2099          33.42      41.21       0.00      23.98      14.75      35.76      50.50        0.01    10.81   0.677
  Roof_s2100                33.42       0.00       0.00       0.00      33.17       0.00      33.17        0.00     4.00   0.993
  Roof_s2109                33.42       0.00       0.00       0.00      33.17       0.00      33.17        0.00     4.00   0.993
  Street_s2110              33.42      33.17       0.00       0.00      66.35       0.00      66.35        0.01     8.00   0.996
  Street_s2111              33.42       0.00       0.00       0.00      33.18       0.00      33.18        0.00     4.00   0.993
  Vegetation_s2146          33.42       0.00       0.00      20.11       6.51       6.65      13.16        0.00     3.29   0.394
  Roof_s2147                33.42       0.00       0.00       0.00      33.17       0.00      33.17        0.00     4.00   0.993
  Vegetation_s2148          33.42       0.00       0.00      20.10       6.51       6.67      13.18        0.00     3.31   0.394
  Street_s2149              33.42      13.27       0.00       0.00      46.44       0.00      46.44        0.00     7.31   0.995
  Roof_s2160                33.42       0.00       0.00       0.00      33.17       0.00      33.17        0.00     4.00   0.993
  Street_s2161              33.42      96.95       0.00       0.00     130.15       0.00     130.15        0.01    21.88   0.998
  Street_s2162              33.42       0.00       0.00       0.00      33.17       0.00      33.17        0.00     4.00   0.993
  Street_s2171              33.42       0.00       0.00       0.00      33.16       0.00      33.16        0.00     4.00   0.992
  Street_s2172              33.42      50.50       0.00       0.00      83.68       0.00      83.68        0.01    14.50   0.997
  Vegetation_s2173          33.42      33.17       0.00      25.16      13.14      28.14      41.28        0.00     7.63   0.620
  Roof_s2174                33.42       0.00       0.00       0.00      33.17       0.00      33.17        0.00     4.00   0.993
  Vegetation_s2182          33.42       0.00       0.00      19.94       6.51       6.83      13.34        0.00     3.53   0.399
  Street_s2183              33.42      66.35       0.00       0.00      99.54       0.00      99.54        0.01    12.00   0.998
  Vegetation_s2221          33.42       0.00       0.00      20.01       6.51       6.76      13.27        0.00     3.44   0.397
  Street_s2222              33.42      13.27       0.00       0.00      46.45       0.00      46.45        0.00     7.32   0.995
  Street_s2223              33.42       0.00       0.00       0.00      33.14       0.00      33.14        0.00     3.91   0.992
  Vegetation_s2233          33.42       0.00       0.00      20.01       6.51       6.75      13.26        0.00     3.43   0.397
  Street_s2234              33.42      13.14       0.00       0.00      46.32       0.00      46.32        0.00     7.08   0.995
  Vegetation_s2237          33.42       0.00       0.00      20.09       6.51       6.67      13.18        0.00     3.32   0.394
  Street_s2246              33.42      41.28       0.00       0.00      74.46       0.00      74.46        0.01    11.57   0.997
  Street_s2247              33.42       0.00       0.00       0.00      33.17       0.00      33.17        0.00     4.00   0.993
  Street_s2255              33.42      13.34       0.00       0.00      46.52       0.00      46.52        0.00     7.43   0.995
  Vegetation_s2294          33.42       0.00       0.00      20.00       6.51       6.76      13.27        0.00     3.45   0.397
  Street_s2295              33.42      13.26       0.00       0.00      46.44       0.00      46.44        0.00     7.31   0.995
  Street_s2296              33.42       0.00       0.00       0.00      33.14       0.00      33.14        0.00     3.91   0.992
  Vegetation_s2306          33.42       0.00       0.00      20.12       6.51       6.63      13.14        0.00     3.26   0.393
  Street_s2307              33.42      13.16       0.00       0.00      46.33       0.00      46.33        0.00     7.10   0.995
  Vegetation_s2308          33.42       0.00       0.00      20.25       6.51       6.50      13.01        0.00     3.05   0.389
  Street_s2310              33.42      26.22       0.00       0.00      59.40       0.00      59.40        0.01    10.06   0.996
  Vegetation_s2311          33.42       0.00       0.00      20.04       6.51       6.72      13.23        0.00     3.40   0.396
  Street_s2321              33.42       0.00       0.00       0.00      33.17       0.00      33.17        0.00     4.00   0.993
  Street_s2322              33.42       0.00       0.00       0.00      33.17       0.00      33.17        0.00     4.00   0.992
  Vegetation_s2323          33.42      33.17       0.00      25.33      13.14      27.97      41.11        0.00     7.33   0.617
  Roof_s2324                33.42       0.00       0.00       0.00      33.17       0.00      33.17        0.00     4.00   0.993
  Street_s2328              33.42      33.17       0.00       0.00      66.35       0.00      66.35        0.01     8.00   0.996
  Vegetation_s2367          33.42       0.00       0.00      20.01       6.51       6.75      13.26        0.00     3.44   0.397
  Street_s2368              33.42      59.71       0.00       0.00      92.90       0.00      92.90        0.01    14.49   0.998
  Street_s2369              33.42       0.00       0.00       0.00      33.16       0.00      33.16        0.00     4.00   0.992
  Vegetation_s2379          33.42       0.00       0.00      20.11       6.51       6.65      13.16        0.00     3.28   0.394
  Street_s2380              33.42      26.15       0.00       0.00      59.33       0.00      59.33        0.01     9.92   0.996
  Vegetation_s2381          33.42       0.00       0.00      20.29       6.52       6.46      12.98        0.00     2.98   0.388
  Vegetation_s2382          33.42       0.00       0.00      20.22       6.51       6.53      13.04        0.00     3.10   0.390
  Street_s2384              33.42      13.23       0.00       0.00      46.41       0.00      46.41        0.00     7.23   0.995
  Vegetation_s2386          33.42       0.00       0.00      20.15       6.51       6.61      13.12        0.00     3.22   0.393
  Street_s2395              33.42      41.11       0.00       0.00      74.28       0.00      74.28        0.01    11.14   0.997
  Street_s2396              33.42       0.00       0.00       0.00      33.18       0.00      33.18        0.00     4.00   0.993
  Vegetation_s2397          33.42       0.00       0.00      20.27       6.51       6.49      13.00        0.00     3.02   0.389
  Street_s2400              33.42     107.54       0.00       0.00     140.72       0.00     140.72        0.01    19.38   0.998
  Roof_s2401                33.42       0.00       0.00       0.00      33.17       0.00      33.17        0.00     4.00   0.993
  Vegetation_s2440          33.42       0.00       0.00      20.03       6.51       6.73      13.24        0.00     3.41   0.396
  Street_s2441              33.42      13.30       0.00       0.00      46.47       0.00      46.47        0.00     7.37   0.995
  Street_s2442              33.42      33.18       0.00       0.00      66.37       0.00      66.37        0.01     8.00   0.996
  Vegetation_s2452          33.42       0.00       0.00      20.13       6.51       6.63      13.14        0.00     3.25   0.393
  Street_s2453              33.42      85.38       0.00       0.00     118.58       0.00     118.58        0.01    19.70   0.998
  Vegetation_s2454          33.42       0.00       0.00      20.10       6.51       6.66      13.17        0.00     3.30   0.394
  Street_s2459              33.42      13.12       0.00       0.00      46.29       0.00      46.29        0.00     7.00   0.995
  Street_s2469              33.42      46.18       0.00       0.00      79.36       0.00      79.36        0.01    10.81   0.997
  Vegetation_s2470          33.42       0.00       0.00      20.25       6.51       6.50      13.01        0.00     3.05   0.389
  Vegetation_s2474          33.42      33.17       0.00      25.26      13.14      28.04      41.18        0.00     7.48   0.618
  Vegetation_s2513          33.42       0.00       0.00      19.98       6.51       6.79      13.30        0.00     3.48   0.398
  Street_s2514              33.42       0.00       0.00       0.00      33.18       0.00      33.18        0.00     4.00   0.993
  Street_s2515              33.42       0.00       0.00       0.00      33.18       0.00      33.18        0.00     4.00   0.993
  Vegetation_s2525          33.42       0.00       0.00      20.25       6.51       6.51      13.02        0.00     3.06   0.390
  Street_s2526              33.42       0.00       0.00       0.00      33.18       0.00      33.18        0.00     4.00   0.993
  Vegetation_s2527          33.42       0.00       0.00      20.23       6.51       6.52      13.03        0.00     3.08   0.390
  Street_s2542              33.42      13.01       0.00       0.00      46.18       0.00      46.18        0.00     6.81   0.995
  Street_s2543              33.42       0.00       0.00       0.00      33.18       0.00      33.18        0.00     4.00   0.993
  Street_s2544              33.42      13.21       0.00       0.00      46.39       0.00      46.39        0.00     7.21   0.995
  Roof_s2547                33.42       0.00       0.00       0.00      33.17       0.00      33.17        0.00     4.00   0.993
  Vegetation_s2586          33.42      33.17       0.00      25.12      13.14      28.19      41.33        0.00     7.66   0.621
  Street_s2587              33.42      41.33       0.00       0.00      74.51       0.00      74.51        0.01    11.64   0.997
  Street_s2588              33.42       0.00       0.00       0.00      33.18       0.00      33.18        0.00     4.00   0.993
  Vegetation_s2589          33.42       0.00       0.00      20.95       6.51       5.79      12.30        0.00     2.08   0.368
  Roof_s2613                33.42       0.00       0.00       0.00      33.17       0.00      33.17        0.00     4.00   0.993
  Street_s2614              33.42      33.17       0.00       0.00      66.33       0.00      66.33        0.01     7.91   0.996
  Street_s2615              33.42       0.00       0.00       0.00      33.17       0.00      33.17        0.00     4.00   0.993
  Street_s2616              33.42     145.94       0.00       0.00     179.17       0.00     179.17        0.02    23.02   0.999
  Street_s2617              33.42       0.00       0.00       0.00      33.19       0.00      33.19        0.00     4.00   0.993
  Vegetation_s2618          33.42       0.00       0.00      20.06       6.51       6.70      13.21        0.00     3.37   0.395
  Roof_s2659                33.42       0.00       0.00       0.00      33.17       0.00      33.17        0.00     4.00   0.993
  Vegetation_s2660          33.42      41.32       0.00      23.85      14.77      35.99      50.76        0.01    11.20   0.679
  Street_s2661              33.42     217.15       0.00       0.00     250.36       0.00     250.36        0.03    39.85   0.999
  Street_s2675              33.42      71.25       0.00       0.00     104.44       0.00     104.44        0.01    17.55   0.998
  Roof_s2676                33.42       0.00       0.00       0.00      33.17       0.00      33.17        0.00     4.00   0.993
  Street_s2687              33.42       0.00       0.00       0.00      33.14       0.00      33.14        0.00     3.91   0.992
  Street_s2688              33.42       0.00       0.00       0.00      33.17       0.00      33.17        0.00     4.00   0.993
  Street_s2690              33.42       0.00       0.00       0.00      33.18       0.00      33.18        0.00     4.00   0.993
  Vegetation_s2732          33.42      33.17       0.00      25.13      13.14      28.18      41.32        0.00     7.65   0.620
  Vegetation_s2733          33.42       0.00       0.00      20.05       6.51       6.71      13.22        0.00     3.38   0.396
  Street_s2734              33.42       0.00       0.00       0.00      33.18       0.00      33.18        0.00     4.00   0.993
  Street_s2746              33.42     173.99       0.00       0.00     207.19       0.00     207.19        0.02    27.55   0.999
  Vegetation_s2747          33.42       0.00       0.00      20.03       6.51       6.73      13.24        0.00     3.41   0.396
  Vegetation_s2748          33.42      13.17       0.00      21.63       9.14      15.70      24.83        0.00     6.55   0.533
  Street_s2749              33.42      46.46       0.00       0.00      79.65       0.00      79.65        0.01    11.37   0.997
  Roof_s2750                33.42       0.00       0.00       0.00      33.17       0.00      33.17        0.00     4.00   0.993
  Street_s2759              33.42       0.00       0.00       0.00      33.14       0.00      33.14        0.00     3.91   0.992
  Roof_s2805                33.42       0.00       0.00       0.00      33.17       0.00      33.17        0.00     4.00   0.993
  Vegetation_s2806          33.42       0.00       0.00      20.06       6.51       6.70      13.21        0.00     3.36   0.395
  Street_s2807              33.42       0.00       0.00       0.00      33.18       0.00      33.18        0.00     4.00   0.993
  Street_s2808              33.42       0.00       0.00       0.00      33.17       0.00      33.17        0.00     4.00   0.992
  Vegetation_s2818          33.42      33.17       0.00      25.18      13.14      28.12      41.26        0.00     7.60   0.620
  Street_s2819              33.42      99.53       0.00       0.00     132.73       0.00     132.73        0.01    16.00   0.998
  Vegetation_s2820          33.42       0.00       0.00      20.10       6.51       6.66      13.17        0.00     3.31   0.394
  Vegetation_s2821          33.42       0.00       0.00      19.98       6.51       6.78      13.29        0.00     3.47   0.398
  Street_s2822              33.42      46.46       0.00       0.00      79.64       0.00      79.64        0.01    11.36   0.997
  Roof_s2823                33.42       0.00       0.00       0.00      33.17       0.00      33.17        0.00     4.00   0.993
  Street_s2832              33.42       0.00       0.00       0.00      33.14       0.00      33.14        0.00     3.91   0.992
  Street_s2838              33.42       0.00       0.00       0.00      33.18       0.00      33.18        0.00     4.00   0.993
  Vegetation_s2839          33.42       0.00       0.00      19.92       6.51       6.85      13.36        0.00     3.55   0.400
  Vegetation_s2840          33.42      33.17       0.00      25.12      13.14      28.19      41.33        0.00     7.66   0.621
  Roof_s2841                33.42       0.00       0.00       0.00      33.17       0.00      33.17        0.00     4.00   0.993
  Vegetation_s2877          33.42      33.17       0.00      25.33      13.14      27.97      41.11        0.00     7.33   0.617
  Roof_s2878                33.42       0.00       0.00       0.00      33.17       0.00      33.17        0.00     4.00   0.993
  Vegetation_s2879          33.42       0.00       0.00      19.97       6.51       6.79      13.30        0.00     3.49   0.398
  Street_s2880              33.42      72.95       0.00       0.00     106.16       0.00     106.16        0.01    17.94   0.998
  Street_s2881              33.42      33.17       0.00       0.00      66.35       0.00      66.35        0.01     8.00   0.996
  Roof_s2882                33.42       0.00       0.00       0.00      33.17       0.00      33.17        0.00     4.00   0.993
  Roof_s2891                33.42       0.00       0.00       0.00      33.17       0.00      33.17        0.00     4.00   0.993
  Street_s2892              33.42      33.17       0.00       0.00      66.36       0.00      66.36        0.01     8.00   0.996
  Street_s2893              33.42       0.00       0.00       0.00      33.18       0.00      33.18        0.00     4.00   0.993
  Vegetation_s2894          33.42       0.00       0.00      19.99       6.51       6.78      13.28        0.00     3.47   0.398
  Street_s2895              33.42      46.45       0.00       0.00      79.63       0.00      79.63        0.01    11.36   0.997
  Roof_s2896                33.42       0.00       0.00       0.00      33.17       0.00      33.17        0.00     4.00   0.993
  Street_s2905              33.42       0.00       0.00       0.00      33.14       0.00      33.14        0.00     3.91   0.992
  Street_s2911              33.42      66.35       0.00       0.00      99.55       0.00      99.55        0.01    12.00   0.998
  Street_s2912              33.42      54.69       0.00       0.00      87.87       0.00      87.87        0.01    15.12   0.997
  Street_s2913              33.42       0.00       0.00       0.00      33.19       0.00      33.19        0.00     4.00   0.993
  Vegetation_s2914          33.42       0.00       0.00      19.97       6.51       6.80      13.31        0.00     3.50   0.398
  Vegetation_s2915          33.42       0.00       0.00      20.20       6.51       6.56      13.07        0.00     3.14   0.391
  Vegetation_s2916          33.42       0.00       0.00      20.29       6.51       6.47      12.98        0.00     2.99   0.388
  Vegetation_s2947          33.42       0.00       0.00      20.15       6.51       6.60      13.12        0.00     3.22   0.392
  Vegetation_s2949          33.42      41.11       0.00      24.24      14.73      35.41      50.14        0.01     9.83   0.673
  Vegetation_s2952          33.42       0.00       0.00      20.01       6.51       6.75      13.26        0.00     3.44   0.397
  Street_s2953              33.42      13.13       0.00       0.00      46.31       0.00      46.31        0.00     7.07   0.995
  Street_s2954              33.42      33.17       0.00       0.00      66.35       0.00      66.35        0.01     8.00   0.996
  Roof_s2955                33.42       0.00       0.00       0.00      33.17       0.00      33.17        0.00     4.00   0.993
  Street_s2965              33.42       0.00       0.00       0.00      33.17       0.00      33.17        0.00     4.00   0.993
  Street_s2966              33.42       0.00       0.00       0.00      33.18       0.00      33.18        0.00     4.00   0.993
  Vegetation_s2967          33.42       0.00       0.00      19.99       6.51       6.77      13.28        0.00     3.46   0.397
  Street_s2968              33.42      46.47       0.00       0.00      79.65       0.00      79.65        0.01    11.38   0.997
  Roof_s2969                33.42       0.00       0.00       0.00      33.17       0.00      33.17        0.00     4.00   0.993
  Street_s2978              33.42       0.00       0.00       0.00      33.14       0.00      33.14        0.00     3.91   0.992
  Roof_s2983                33.42       0.00       0.00       0.00      33.17       0.00      33.17        0.00     4.00   0.993
  Roof_s2984                33.42       0.00       0.00       0.00      33.17       0.00      33.17        0.00     4.00   0.993
  Street_s2985              33.42       0.00       0.00       0.00      33.17       0.00      33.17        0.00     4.00   0.993
  Street_s2986              33.42      33.19       0.00       0.00      66.38       0.00      66.38        0.01     8.00   0.997
  Street_s2987              33.42      72.53       0.00       0.00     105.72       0.00     105.72        0.01    16.89   0.998
  Street_s2988              33.42      12.98       0.00       0.00      46.15       0.00      46.15        0.00     6.76   0.995
  Street_s2989              33.42       0.00       0.00       0.00      33.18       0.00      33.18        0.00     4.00   0.993
  Vegetation_s3020          33.42      46.29       0.00      25.58      15.77      38.22      53.98        0.01     9.94   0.677
  Vegetation_s3021          33.42      50.14       0.00      23.39      16.53      43.50      60.03        0.01    12.06   0.718
  Vegetation_s3025          33.42       0.00       0.00      20.13       6.51       6.62      13.13        0.00     3.25   0.393
  Street_s3026              33.42       0.00       0.00       0.00      33.18       0.00      33.18        0.00     4.00   0.993
  Street_s3027              33.42      33.17       0.00       0.00      66.35       0.00      66.35        0.01     8.00   0.996
  Roof_s3028                33.42       0.00       0.00       0.00      33.17       0.00      33.17        0.00     4.00   0.993
  Street_s3038              33.42       0.00       0.00       0.00      33.17       0.00      33.17        0.00     4.00   0.993
  Street_s3039              33.42      66.35       0.00       0.00      99.55       0.00      99.55        0.01    12.00   0.998
  Vegetation_s3040          33.42       0.00       0.00      19.98       6.51       6.79      13.30        0.00     3.48   0.398
  Street_s3041              33.42      13.27       0.00       0.00      46.45       0.00      46.45        0.00     7.34   0.995
  Street_s3051              33.42       0.00       0.00       0.00      33.14       0.00      33.14        0.00     3.91   0.992
  Roof_s3056                33.42       0.00       0.00       0.00      33.17       0.00      33.17        0.00     4.00   0.993
  Roof_s3057                33.42       0.00       0.00       0.00      33.17       0.00      33.17        0.00     4.00   0.993
  Sand_Gravel_s3058         33.42      66.35       0.00      23.20      32.85      43.69      76.53        0.01    11.69   0.767
  Street_s3059              33.42       0.00       0.00       0.00      33.18       0.00      33.18        0.00     4.00   0.993
  Street_s3060              33.42       0.00       0.00       0.00      33.18       0.00      33.18        0.00     4.00   0.993
  Street_s3061              33.42       0.00       0.00       0.00      33.18       0.00      33.18        0.00     4.00   0.993
  Vegetation_s3062          33.42      33.18       0.00      25.18      13.14      28.14      41.28        0.00     7.59   0.620
  Roof_s3093                33.42       0.00       0.00       0.00      33.17       0.00      33.17        0.00     4.00   0.993
  Stone_Paver_s3094         33.42     114.02       0.00       0.00     146.56       0.00     146.56        0.01    24.63   0.994
  Vegetation_s3095          33.42       0.00       0.00      20.00       6.51       6.77      13.28        0.00     3.46   0.397
  Vegetation_s3098          33.42       0.00       0.00      20.14       6.51       6.62      13.13        0.00     3.23   0.393
  Street_s3099              33.42     128.67       0.00       0.00     161.87       0.00     161.87        0.02    25.80   0.999
  Street_s3100              33.42       0.00       0.00       0.00      33.17       0.00      33.17        0.00     4.00   0.993
  Vegetation_s3111          33.42       0.00       0.00      20.17       6.51       6.59      13.10        0.00     3.19   0.392
  Street_s3112              33.42       0.00       0.00       0.00      33.18       0.00      33.18        0.00     4.00   0.993
  Vegetation_s3113          33.42       0.00       0.00      20.00       6.51       6.76      13.27        0.00     3.45   0.397
  Street_s3114              33.42      13.24       0.00       0.00      46.42       0.00      46.42        0.00     7.28   0.995
  Street_s3124              33.42       0.00       0.00       0.00      33.14       0.00      33.14        0.00     3.91   0.992
  Roof_s3130                33.42       0.00       0.00       0.00      33.17       0.00      33.17        0.00     4.00   0.993
  Street_s3131              33.42     109.70       0.00       0.00     142.92       0.00     142.92        0.01    19.69   0.999
  Street_s3132              33.42       0.00       0.00       0.00      33.18       0.00      33.18        0.00     4.00   0.993
  Sand_Gravel_s3133         33.42       0.00       0.00      16.19      10.95       6.28      17.24        0.00     3.65   0.516
  Street_s3134              33.42     124.88       0.00       0.00     158.09       0.00     158.09        0.02    23.18   0.999
  Street_s3168              33.42     159.84       0.00       0.00     193.02       0.00     193.02        0.02    30.43   0.999
  Vegetation_s3169          33.42       0.00       0.00      20.17       6.51       6.59      13.10        0.00     3.20   0.392
  Vegetation_s3171          33.42      33.17       0.00      25.34      13.14      27.96      41.10        0.00     7.32   0.617
  Vegetation_s3172          33.42      33.17       0.00      25.18      13.14      28.12      41.26        0.00     7.60   0.620
  Street_s3173              33.42       0.00       0.00       0.00      33.17       0.00      33.17        0.00     4.00   0.992
  Vegetation_s3181          33.42      33.17       0.00      25.22      13.14      28.09      41.23        0.00     7.56   0.619
  Vegetation_s3183          33.42       0.00       0.00      20.07       6.51       6.69      13.20        0.00     3.34   0.395
  Street_s3184              33.42      46.27       0.00       0.00      79.46       0.00      79.46        0.01    11.00   0.997
  Vegetation_s3186          33.42       0.00       0.00      20.03       6.51       6.73      13.24        0.00     3.41   0.396
  Street_s3187              33.42      13.20       0.00       0.00      46.37       0.00      46.37        0.00     7.19   0.995
  Street_s3197              33.42       0.00       0.00       0.00      33.14       0.00      33.14        0.00     3.91   0.992
  Street_s3203              33.42       0.00       0.00       0.00      33.15       0.00      33.15        0.00     3.99   0.992
  Street_s3204              33.42      33.18       0.00       0.00      66.36       0.00      66.36        0.01     8.00   0.996
  Sand_Gravel_s3205         33.42       0.00       0.00      16.22      10.95       6.24      17.19        0.00     3.65   0.514
  Street_s3241              33.42     206.12       0.00       0.00     239.30       0.00     239.30        0.02    35.51   0.999
  Vegetation_s3242          33.42       0.00       0.00      19.89       6.51       6.89      13.40        0.00     3.59   0.401
  Roof_s3244                33.42       0.00       0.00       0.00      33.17       0.00      33.17        0.00     4.00   0.993
  Roof_s3245                33.42       0.00       0.00       0.00      33.17       0.00      33.17        0.00     4.00   0.993
  Street_s3246              33.42      13.20       0.00       0.00      46.37       0.00      46.37        0.00     7.16   0.995
  Roof_s3254                33.42       0.00       0.00       0.00      33.17       0.00      33.17        0.00     4.00   0.993
  Vegetation_s3255          33.42      41.23       0.00      24.01      14.75      35.75      50.50        0.01    10.78   0.676
  Street_s3256              33.42      63.70       0.00       0.00      96.88       0.00      96.88        0.01    17.68   0.998
  Vegetation_s3259          33.42       0.00       0.00      20.07       6.51       6.69      13.20        0.00     3.34   0.395
  Street_s3260              33.42      33.17       0.00       0.00      66.35       0.00      66.35        0.01     8.00   0.996
  Roof_s3261                33.42       0.00       0.00       0.00      33.17       0.00      33.17        0.00     4.00   0.993
  Street_s3270              33.42       0.00       0.00       0.00      33.14       0.00      33.14        0.00     3.91   0.992
  Street_s3271              33.42       0.00       0.00       0.00      33.14       0.00      33.14        0.00     3.91   0.992
  Street_s3277              33.42     116.70       0.00       0.00     149.93       0.00     149.93        0.01    19.63   0.999
  Sand_Gravel_s3278         33.42       0.00       0.00      16.22      10.95       6.25      17.20        0.00     3.65   0.515
  Sand_Gravel_s3279         33.42       0.00       0.00      16.25      10.95       6.21      17.16        0.00     3.65   0.513
  Stone_Paver_s3315         33.42      13.40       0.00       0.00      45.93       0.00      45.93        0.00     7.51   0.981
  Vegetation_s3319          33.42       0.00       0.00      20.07       6.51       6.69      13.20        0.00     3.34   0.395
  Street_s3320              33.42       0.00       0.00       0.00      33.18       0.00      33.18        0.00     4.00   0.993
  Roof_s3327                33.42       0.00       0.00       0.00      33.17       0.00      33.17        0.00     4.00   0.993
  Street_s3328              33.42      33.17       0.00       0.00      66.35       0.00      66.35        0.01     8.00   0.996
  Street_s3333              33.42      33.17       0.00       0.00      66.36       0.00      66.36        0.01     8.00   0.996
  Roof_s3334                33.42       0.00       0.00       0.00      33.17       0.00      33.17        0.00     4.00   0.993
  Street_s3343              33.42       0.00       0.00       0.00      33.14       0.00      33.14        0.00     3.91   0.992
  Street_s3344              33.42       0.00       0.00       0.00      33.14       0.00      33.14        0.00     3.91   0.992
  Street_s3350              33.42      33.17       0.00       0.00      66.35       0.00      66.35        0.01     8.00   0.996
  Street_s3351              33.42     184.28       0.00       0.00     217.50       0.00     217.50        0.02    30.90   0.999
  Street_s3352              33.42       0.00       0.00       0.00      33.17       0.00      33.17        0.00     4.00   0.993
  Street_s3394              33.42       0.00       0.00       0.00      33.18       0.00      33.18        0.00     4.00   0.993
  Roof_s3399                33.42       0.00       0.00       0.00      33.17       0.00      33.17        0.00     4.00   0.993
  Vegetation_s3400          33.42      33.17       0.00      25.19      13.14      28.12      41.26        0.00     7.60   0.620
  Street_s3401              33.42      66.35       0.00       0.00      99.54       0.00      99.54        0.01    12.00   0.998
  Street_s3417              33.42       0.00       0.00       0.00      33.16       0.00      33.16        0.00     4.00   0.992
  Roof_s3423                33.42       0.00       0.00       0.00      33.17       0.00      33.17        0.00     4.00   0.993
  Street_s3424              33.42     350.21       0.00       0.00     383.42       0.00     383.42        0.04    50.86   0.999
  Street_s3425              33.42       0.00       0.00       0.00      33.18       0.00      33.18        0.00     4.00   0.993
  Vegetation_s3466          33.42       0.00       0.00      20.05       6.51       6.72      13.22        0.00     3.39   0.396
  Street_s3467              33.42       0.00       0.00       0.00      33.17       0.00      33.17        0.00     4.00   0.993
  Street_s3468              33.42      46.46       0.00       0.00      79.65       0.00      79.65        0.01    11.36   0.997
  Street_s3469              33.42       0.00       0.00       0.00      33.17       0.00      33.17        0.00     4.00   0.993
  Vegetation_s3471          33.42       0.00       0.00      20.11       6.51       6.65      13.16        0.00     3.29   0.394
  Vegetation_s3472          33.42       0.00       0.00      20.05       6.51       6.71      13.22        0.00     3.38   0.396
  Street_s3473              33.42      41.26       0.00       0.00      74.43       0.00      74.43        0.01    11.54   0.997
  Street_s3490              33.42      13.08       0.00       0.00      46.25       0.00      46.25        0.00     6.92   0.995
  Stone_Paver_s3539         33.42      87.65       0.00       0.00     120.20       0.00     120.20        0.01    18.78   0.993
  Vegetation_s3540          33.42      33.17       0.00      25.19      13.14      28.11      41.25        0.00     7.59   0.619
  Vegetation_s3541          33.42       0.00       0.00      19.99       6.51       6.78      13.29        0.00     3.47   0.398
  Street_s3542              33.42       0.00       0.00       0.00      33.17       0.00      33.17        0.00     4.00   0.993
  Street_s3543              33.42       0.00       0.00       0.00      33.17       0.00      33.17        0.00     4.00   0.993
  Vegetation_s3544          33.42       0.00       0.00      20.20       6.51       6.56      13.07        0.00     3.14   0.391
  Street_s3545              33.42      85.78       0.00       0.00     118.99       0.00     118.99        0.01    20.48   0.998
  Vegetation_s3546          33.42       0.00       0.00      20.12       6.51       6.64      13.15        0.00     3.27   0.393
  Vegetation_s3562          33.42       0.00       0.00      20.18       6.51       6.57      13.08        0.00     3.16   0.391
  Street_s3563              33.42      13.04       0.00       0.00      46.21       0.00      46.21        0.00     6.86   0.995
  Roof_s3613                33.42       0.00       0.00       0.00      33.17       0.00      33.17        0.00     4.00   0.993
  Street_s3618              33.42       0.00       0.00       0.00      33.18       0.00      33.18        0.00     4.00   0.993
  Vegetation_s3619          33.42       0.00       0.00      19.98       6.51       6.79      13.30        0.00     3.48   0.398
  Vegetation_s3620          33.42       0.00       0.00      20.28       6.51       6.48      12.99        0.00     3.00   0.389
  Vegetation_s3635          33.42       0.00       0.00      20.23       6.51       6.53      13.04        0.00     3.09   0.390
  Street_s3636              33.42      13.14       0.00       0.00      46.32       0.00      46.32        0.00     7.07   0.995
  Street_s3691              33.42       0.00       0.00       0.00      33.18       0.00      33.18        0.00     4.00   0.993
  Street_s3692              33.42      59.46       0.00       0.00      92.66       0.00      92.66        0.01    14.18   0.998
  Vegetation_s3693          33.42       0.00       0.00      20.08       6.51       6.68      13.19        0.00     3.34   0.395
  Vegetation_s3708          33.42       0.00       0.00      20.12       6.51       6.63      13.14        0.00     3.26   0.393
  Street_s3709              33.42      41.30       0.00       0.00      74.47       0.00      74.47        0.01    11.60   0.997
  Street_s3766              33.42      13.19       0.00       0.00      46.37       0.00      46.37        0.00     7.17   0.995
  Vegetation_s3767          33.42       0.00       0.00      19.96       6.51       6.80      13.31        0.00     3.50   0.398
  Vegetation_s3768          33.42       0.00       0.00      20.16       6.51       6.60      13.11        0.00     3.21   0.392
  Vegetation_s3781          33.42      33.17       0.00      25.15      13.14      28.16      41.30        0.00     7.64   0.620
  Street_s3782              33.42       0.00       0.00       0.00      33.18       0.00      33.18        0.00     4.00   0.993
  Street_s3840              33.42      26.42       0.00       0.00      59.61       0.00      59.61        0.01    10.42   0.996
  Vegetation_s3841          33.42       0.00       0.00      20.11       6.51       6.65      13.16        0.00     3.29   0.394
  Roof_s3854                33.42       0.00       0.00       0.00      33.17       0.00      33.17        0.00     4.00   0.993
  Street_s3855              33.42       0.00       0.00       0.00      33.18       0.00      33.18        0.00     4.00   0.993
  Street_s3856              33.42      13.08       0.00       0.00      46.25       0.00      46.25        0.00     6.93   0.995
  Street_s3913              33.42       0.00       0.00       0.00      33.16       0.00      33.16        0.00     4.00   0.992
  Street_s3914              33.42      13.16       0.00       0.00      46.33       0.00      46.33        0.00     7.02   0.995
  Street_s3928              33.42      33.18       0.00       0.00      66.37       0.00      66.37        0.01     8.00   0.996
  Vegetation_s3929          33.42       0.00       0.00      20.17       6.51       6.59      13.10        0.00     3.19   0.392
  Vegetation_s3930          33.42       0.00       0.00      20.19       6.51       6.57      13.08        0.00     3.16   0.391
  Street_s3986              33.42       0.00       0.00       0.00      33.16       0.00      33.16        0.00     4.00   0.992
  Street_s3987              33.42       0.00       0.00       0.00      33.16       0.00      33.16        0.00     4.00   0.992
  Street_s3988              33.42       0.00       0.00       0.00      33.14       0.00      33.14        0.00     3.91   0.992
  Street_s3989              33.42       0.00       0.00       0.00      33.14       0.00      33.14        0.00     3.91   0.992
  Street_s4000              33.42       0.00       0.00       0.00      33.14       0.00      33.14        0.00     3.91   0.992
  Street_s4001              33.42      13.10       0.00       0.00      46.27       0.00      46.27        0.00     6.99   0.995
  Vegetation_s4002          33.42       0.00       0.00      20.16       6.51       6.60      13.11        0.00     3.20   0.392
  Street_s4062              33.42       0.00       0.00       0.00      33.14       0.00      33.14        0.00     3.91   0.992
  Street_s4063              33.42       0.00       0.00       0.00      33.14       0.00      33.14        0.00     3.91   0.992
  Street_s4073              33.42       0.00       0.00       0.00      33.16       0.00      33.16        0.00     4.00   0.992
  Street_s4074              33.42      59.51       0.00       0.00      92.70       0.00      92.70        0.01    14.28   0.998
  Vegetation_s4075          33.42       0.00       0.00      20.04       6.51       6.72      13.23        0.00     3.39   0.396
  Street_s4076              33.42       0.00       0.00       0.00      33.18       0.00      33.18        0.00     4.00   0.993
  Street_s4136              33.42       0.00       0.00       0.00      33.16       0.00      33.16        0.00     4.00   0.992
  Street_s4137              33.42       0.00       0.00       0.00      33.14       0.00      33.14        0.00     3.91   0.992
  Street_s4145              33.42       0.00       0.00       0.00      33.16       0.00      33.16        0.00     4.00   0.992
  Street_s4146              33.42      46.37       0.00       0.00      79.56       0.00      79.56        0.01    11.18   0.997
  Vegetation_s4147          33.42       0.00       0.00      20.08       6.51       6.69      13.20        0.00     3.34   0.395
  Street_s4148              33.42       0.00       0.00       0.00      33.17       0.00      33.17        0.00     4.00   0.993
  Street_s4211              33.42       0.00       0.00       0.00      33.14       0.00      33.14        0.00     3.91   0.992
  Street_s4212              33.42       0.00       0.00       0.00      33.17       0.00      33.17        0.00     4.00   0.992
  Vegetation_s4213          33.42       0.00       0.00      19.99       6.51       6.78      13.29        0.00     3.47   0.398
  Street_s4217              33.42       0.00       0.00       0.00      33.16       0.00      33.16        0.00     4.00   0.992
  Street_s4218              33.42      46.34       0.00       0.00      79.53       0.00      79.53        0.01    11.14   0.997
  Vegetation_s4219          33.42       0.00       0.00      20.09       6.51       6.67      13.18        0.00     3.31   0.394
  Street_s4220              33.42       0.00       0.00       0.00      33.18       0.00      33.18        0.00     4.00   0.993
  Street_s4285              33.42       0.00       0.00       0.00      33.16       0.00      33.16        0.00     4.00   0.992
  Street_s4286              33.42      13.29       0.00       0.00      46.46       0.00      46.46        0.00     7.31   0.995
  Street_s4289              33.42       0.00       0.00       0.00      33.17       0.00      33.17        0.00     4.00   0.993
  Street_s4290              33.42      46.38       0.00       0.00      79.56       0.00      79.56        0.01    11.21   0.997
  Vegetation_s4291          33.42       0.00       0.00      20.07       6.51       6.70      13.21        0.00     3.36   0.395
  Street_s4292              33.42       0.00       0.00       0.00      33.17       0.00      33.17        0.00     4.00   0.992
  Street_s4359              33.42       0.00       0.00       0.00      33.14       0.00      33.14        0.00     3.91   0.992
  Street_s4360              33.42       0.00       0.00       0.00      33.16       0.00      33.16        0.00     4.00   0.992
  Street_s4361              33.42       0.00       0.00       0.00      33.17       0.00      33.17        0.00     4.00   0.992
  Street_s4362              33.42      46.52       0.00       0.00      79.71       0.00      79.71        0.01    11.44   0.997
  Vegetation_s4363          33.42       0.00       0.00      19.94       6.51       6.83      13.34        0.00     3.53   0.399
  Street_s4364              33.42       0.00       0.00       0.00      33.17       0.00      33.17        0.00     4.00   0.993
  Street_s4433              33.42       0.00       0.00       0.00      33.16       0.00      33.16        0.00     4.00   0.992
  Street_s4436              33.42       0.00       0.00       0.00      33.18       0.00      33.18        0.00     4.00   0.993
  

  ***********************
  LID Performance Summary
  ***********************

  --------------------------------------------------------------------------------------------------------------------
                                         Total      Evap     Infil   Surface    Drain    Initial     Final  Continuity
                                        Inflow      Loss      Loss   Outflow   Outflow   Storage   Storage       Error
  Subcatchment      LID Control             mm        mm        mm        mm        mm        mm        mm           %
  --------------------------------------------------------------------------------------------------------------------
  
  ******************
  Node Depth Summary
  ******************
  
  ---------------------------------------------------------------------------------
                                 Average  Maximum  Maximum  Time of Max    Reported
                                   Depth    Depth      HGL   Occurrence   Max Depth
  Node                 Type       Meters   Meters   Meters  days hr:min      Meters
  ---------------------------------------------------------------------------------
  36L44RW              JUNCTION     0.00     2.27   117.92     1  12:40        0.36
  36L71RW              JUNCTION     0.01     2.20   117.04     1  12:40        1.25
  36M18RW              JUNCTION     0.01     1.69   115.99     1  12:40        1.28
  36M5RW               JUNCTION     0.01     0.84   114.35     1  12:39        0.71
  36Q109RW             JUNCTION     0.02     2.44   117.91     1  12:36        2.44
  36Q114RW             JUNCTION     0.01     1.65   117.91     1  12:40        1.65
  36Q123RW             JUNCTION     0.01     0.42   114.86     1  12:39        0.40
  36Q153RW             JUNCTION     0.04     2.98   117.89     1  12:33        2.98
  36Q166RW             JUNCTION     0.01     1.50   119.13     1  12:35        1.50
  36Q55RW              JUNCTION     0.01     0.53   114.53     1  12:41        0.46
  36Q69RW              JUNCTION     0.02     2.27   118.22     1  12:37        2.27
  36Q81RW              JUNCTION     0.01     0.52   114.15     1  12:42        0.45
  36Q86RW              JUNCTION     0.04     2.99   117.56     1  12:31        2.99
  36Q88RW              JUNCTION     0.11     3.75   118.21     1  12:32        3.75
  36R67RW              JUNCTION     0.02     0.78   113.99     1  12:47        0.71
  36R71RW              JUNCTION     0.01     0.86   113.99     1  12:46        0.82
  36R83RW              JUNCTION     0.03     1.59   118.04     1  12:19        1.59
  68RW                 JUNCTION     0.03     2.05   118.11     1  12:27        2.05
  69RW                 JUNCTION     0.04     3.35   118.51     1  12:35        3.35
  78RW                 JUNCTION     0.02     1.19   118.37     1  12:26        1.19
  79RW                 JUNCTION     0.00     1.07   115.66     1  12:40        1.05
  80RW                 JUNCTION     0.01     0.53   114.84     1  12:40        0.51
  81RW                 JUNCTION     0.01     1.76   118.15     1  12:37        1.76
  83RW                 JUNCTION     0.01     1.56   116.33     1  12:40        1.54
  84RW                 JUNCTION     0.02     1.70   118.84     1  12:33        1.70
  85RW                 JUNCTION     0.03     2.68   118.94     1  12:39        2.67
  86RW                 JUNCTION     0.04     3.46   118.92     1  12:38        3.46
  87RW                 JUNCTION     0.04     3.51   118.64     1  12:33        3.51
  89RW                 JUNCTION     0.02     1.73   114.50     1  12:43        1.16
  90RW                 JUNCTION     0.03     1.87   114.34     1  12:43        1.42
  91RW                 JUNCTION     0.04     0.79   113.05     1  12:58        0.78
  culvEnd              JUNCTION     0.02     0.58   113.05     1  12:56        0.57
  CSO_6                OUTFALL      0.01     0.34   112.57     1  12:58        0.34
  
  
  *******************
  Node Inflow Summary
  *******************
  
  -------------------------------------------------------------------------------------------------
                                  Maximum  Maximum                  Lateral       Total        Flow
                                  Lateral    Total  Time of Max      Inflow      Inflow     Balance
                                   Inflow   Inflow   Occurrence      Volume      Volume       Error
  Node                 Type           LPS      LPS  days hr:min    10^6 ltr    10^6 ltr     Percent
  -------------------------------------------------------------------------------------------------
  36L44RW              JUNCTION    114.77   114.77     1  12:40      0.0777      0.0778      -2.176
  36L71RW              JUNCTION    115.47   202.35     1  12:39      0.0893       0.168      -1.313
  36M18RW              JUNCTION    111.53   278.75     1  12:40      0.0807       0.251      -0.547
  36M5RW               JUNCTION     31.26   293.72     1  12:40      0.0265       0.279      -1.471
  36Q109RW             JUNCTION     53.21    53.21     1  12:40      0.0335      0.0338       0.326
  36Q114RW             JUNCTION     84.67   130.33     1  12:37      0.0576       0.109      -0.752
  36Q123RW             JUNCTION     30.65   360.97     1  12:40      0.0225       0.373      -0.299
  36Q153RW             JUNCTION    120.92   153.64     1  12:40       0.078       0.164       0.157
  36Q166RW             JUNCTION    106.48   106.48     1  12:40      0.0634      0.0635       0.163
  36Q55RW              JUNCTION     30.22   552.32     1  12:40      0.0219       0.509      -0.675
  36Q69RW              JUNCTION     59.97    68.98     1  12:40      0.0424       0.209      -0.063
  36Q81RW              JUNCTION     69.55   656.02     1  12:41      0.0464       0.909      -0.719
  36Q86RW              JUNCTION     88.18   135.59     1  12:40      0.0549       0.176       0.232
  36Q88RW              JUNCTION      0.00    45.91     1  12:41           0       0.103       1.953
  36R67RW              JUNCTION    161.53   843.34     1  12:40       0.121        1.32       0.471
  36R71RW              JUNCTION    157.74   851.19     1  12:43       0.114        1.43       0.130
  36R83RW              JUNCTION    236.03   243.94     1  12:40       0.179       0.181       0.346
  68RW                 JUNCTION    103.15   114.56     1  12:40      0.0702      0.0771       0.221
  69RW                 JUNCTION    140.14   140.14     1  12:40      0.0991       0.129      -0.068
  78RW                 JUNCTION    223.83   223.83     1  12:40       0.158       0.158       0.205
  79RW                 JUNCTION     58.42    58.42     1  12:40      0.0382      0.0382      -0.564
  80RW                 JUNCTION    114.75   553.74     1  12:40      0.0733       0.485      -0.429
  81RW                 JUNCTION     84.85    84.85     1  12:40      0.0567      0.0567      -0.227
  83RW                 JUNCTION    172.31   202.02     1  12:40       0.113       0.239      -0.380
  84RW                 JUNCTION     65.48    82.64     1  12:40      0.0446      0.0487      -0.071
  85RW                 JUNCTION     22.30    22.30     1  12:40      0.0159      0.0406       0.063
  86RW                 JUNCTION     21.60    26.72     1  12:40      0.0134      0.0499       0.431
  87RW                 JUNCTION      0.00    23.08     1  12:40           0      0.0494       0.637
  89RW                 JUNCTION      0.00   886.96     1  12:42           0        1.43      -0.038
  90RW                 JUNCTION      0.00   516.40     1  12:41           0        1.43       0.075
  91RW                 JUNCTION      0.00   462.26     1  12:46           0        1.43       0.903
  culvEnd              JUNCTION      0.00   498.05     1  12:43           0        1.43      -0.116
  CSO_6                OUTFALL       0.00   386.21     1  12:58           0        1.41       0.000
  
  
  **********************
  Node Surcharge Summary
  **********************
  
  Surcharging occurs when water rises above the top of the highest conduit.
  ---------------------------------------------------------------------
                                               Max. Height   Min. Depth
                                   Hours       Above Crown    Below Rim
  Node                 Type      Surcharged         Meters       Meters
  ---------------------------------------------------------------------
  36L44RW              JUNCTION        0.02          1.870        0.000
  36L71RW              JUNCTION        0.05          1.800        0.740
  36M18RW              JUNCTION        0.06          1.286        1.724
  36M5RW               JUNCTION        0.06          0.336        3.064
  36Q109RW             JUNCTION        0.51          2.240        0.000
  36Q114RW             JUNCTION        0.06          1.355        0.235
  36Q153RW             JUNCTION        1.22          2.830        0.000
  36Q166RW             JUNCTION        0.24          1.350        0.000
  36Q69RW              JUNCTION        0.61          2.070        0.000
  36Q86RW              JUNCTION        0.96          2.790        0.000
  36Q88RW              JUNCTION        1.42          3.450        0.000
  36R83RW              JUNCTION        0.91          1.440        0.000
  68RW                 JUNCTION        0.54          1.900        0.000
  69RW                 JUNCTION        0.67          3.050        0.000
  78RW                 JUNCTION        0.46          0.990        0.000
  79RW                 JUNCTION        0.10          0.875        2.285
  81RW                 JUNCTION        0.08          1.460        0.000
  83RW                 JUNCTION        0.09          1.163        1.617
  84RW                 JUNCTION        0.33          1.500        0.000
  85RW                 JUNCTION        0.45          2.478        0.012
  86RW                 JUNCTION        0.74          3.260        0.000
  87RW                 JUNCTION        0.96          3.310        0.000
  89RW                 JUNCTION        0.19          0.728        4.732
  90RW                 JUNCTION        0.41          0.869        2.951
  
  
  *********************
  Node Flooding Summary
  *********************
  
  Flooding refers to all water that overflows a node, whether it ponds or not.
  --------------------------------------------------------------------------
                                                             Total   Maximum
                                 Maximum   Time of Max       Flood    Ponded
                        Hours       Rate    Occurrence      Volume     Depth
  Node                 Flooded       LPS   days hr:min    10^6 ltr    Meters
  --------------------------------------------------------------------------
  36L44RW                 0.01     62.03      1  12:40       0.001     0.000
  36Q109RW                0.08     25.16      1  12:40       0.004     0.000
  36Q153RW                0.22    122.65      1  12:40       0.038     0.000
  36Q166RW                0.14     84.35      1  12:40       0.022     0.000
  36Q69RW                 0.05      8.53      1  12:40       0.001     0.000
  36Q86RW                 0.24     98.70      1  12:40       0.031     0.000
  36Q88RW                 0.18     25.97      1  12:41       0.010     0.000
  36R83RW                 0.52    243.23      1  12:40       0.098     0.000
  68RW                    0.35    113.82      1  12:40       0.048     0.000
  69RW                    0.10     82.13      1  12:40       0.019     0.000
  78RW                    0.35    213.15      1  12:40       0.074     0.000
  81RW                    0.05     40.27      1  12:40       0.005     0.000
  84RW                    0.19     81.68      1  12:40       0.024     0.000
  86RW                    0.04      3.35      1  12:40       0.000     0.000
  87RW                    0.21     11.21      1  12:40       0.005     0.000
  
  
  ***********************
  Outfall Loading Summary
  ***********************
  
  -----------------------------------------------------------
                         Flow       Avg       Max       Total
                         Freq      Flow      Flow      Volume
  Outfall Node           Pcnt       LPS       LPS    10^6 ltr
  -----------------------------------------------------------
  CSO_6                 24.13     35.02    386.21       1.414
  -----------------------------------------------------------
  System                24.13     35.02    386.21       1.414
  
  
  ********************
  Link Flow Summary
  ********************
  
  -----------------------------------------------------------------------------
                                 Maximum  Time of Max   Maximum    Max/    Max/
                                  |Flow|   Occurrence   |Veloc|    Full    Full
  Link                 Type          LPS  days hr:min     m/sec    Flow   Depth
  -----------------------------------------------------------------------------
  1                    CONDUIT    498.05     1  12:43      3.23    3.10    1.00
  68                   CONDUIT    110.71     1  12:41      0.97    0.78    1.00
  69                   CONDUIT     12.22     1  12:26      0.75    0.71    1.00
  70                   CONDUIT     45.91     1  12:41      0.77    0.65    1.00
  71                   CONDUIT    176.81     1  12:40      1.41    1.29    1.00
  72                   CONDUIT    264.29     1  12:40      2.10    1.41    1.00
  73                   CONDUIT    285.20     1  12:40      1.45    0.99    1.00
  74                   CONDUIT     27.48     1  12:40      0.87    0.62    1.00
  75                   CONDUIT     23.73     1  12:27      1.34    2.39    1.00
  76                   CONDUIT     36.56     1  12:31      2.07    1.98    1.00
  77                   CONDUIT    593.91     1  12:43      1.20    0.40    0.61
  78                   CONDUIT     22.65     1  12:19      1.28    1.72    1.00
  79                   CONDUIT     24.24     1  12:46      0.80    0.94    1.00
  80                   CONDUIT     52.65     1  12:37      2.98    1.36    1.00
  81                   CONDUIT    540.34     1  12:41      1.62    0.50    0.63
  82                   CONDUIT     58.38     1  12:40      1.86    1.71    1.00
  83                   CONDUIT    534.53     1  12:40      2.06    1.04    0.86
  84                   CONDUIT     66.08     1  12:37      0.97    1.23    1.00
  85                   CONDUIT    128.23     1  12:40      1.81    1.30    1.00
  86                   CONDUIT    380.61     1  12:40      1.69    0.55    0.77
  87                   CONDUIT    202.08     1  12:40      1.61    1.56    1.00
  88                   CONDUIT     40.16     1  12:45      2.27    3.64    1.00
  89                   CONDUIT     20.85     1  12:41      1.18    0.67    1.00
  90                   CONDUIT     17.15     1  12:40      0.92    0.32    1.00
  91                   CONDUIT     12.04     1  12:35      0.79    0.29    1.00
  92                   CONDUIT     23.08     1  12:40      0.73    0.92    1.00
  93                   CONDUIT     13.28     1  12:54      0.75    1.56    1.00
  94                   CONDUIT    832.16     1  12:43      1.58    0.64    0.80
  95                   CONDUIT    886.96     1  12:42      1.68    0.46    0.93
  96                   CONDUIT    516.40     1  12:41      0.93    0.35    1.00
  97                   CONDUIT    462.26     1  12:46      1.49    0.23    0.68
  98                   CONDUIT    386.21     1  12:58      0.85    0.25    0.56
  
  
  ***************************
  Flow Classification Summary
  ***************************
  
  -------------------------------------------------------------------------------------
                      Adjusted    ---------- Fraction of Time in Flow Class ---------- 
                       /Actual         Up    Down  Sub   Sup   Up    Down  Norm  Inlet 
  Conduit               Length    Dry  Dry   Dry   Crit  Crit  Crit  Crit  Ltd   Ctrl  
  -------------------------------------------------------------------------------------
  1                       4.13   0.50  0.00  0.00  0.50  0.00  0.00  0.00  0.00  0.00
  68                      1.00   0.50  0.00  0.00  0.50  0.00  0.00  0.00  0.47  0.00
  69                      1.05   0.50  0.00  0.00  0.50  0.00  0.00  0.00  0.14  0.00
  70                      1.00   0.50  0.29  0.00  0.21  0.00  0.00  0.00  0.48  0.00
  71                      1.02   0.50  0.00  0.00  0.50  0.00  0.00  0.00  0.47  0.00
  72                      1.00   0.50  0.00  0.00  0.48  0.02  0.00  0.00  0.39  0.00
  73                      1.90   0.50  0.00  0.00  0.50  0.00  0.00  0.00  0.37  0.00
  74                      1.40   0.50  0.13  0.00  0.37  0.00  0.00  0.00  0.49  0.00
  75                      1.65   0.50  0.00  0.00  0.50  0.00  0.00  0.00  0.13  0.00
  76                      1.57   0.50  0.00  0.00  0.41  0.08  0.00  0.00  0.05  0.00
  77                      1.00   0.50  0.13  0.00  0.36  0.00  0.00  0.00  0.47  0.00
  78                      1.00   0.50  0.00  0.00  0.48  0.02  0.00  0.00  0.41  0.00
  79                      1.00   0.50  0.01  0.00  0.49  0.00  0.00  0.00  0.48  0.00
  80                      2.61   0.50  0.00  0.00  0.45  0.05  0.00  0.00  0.20  0.00
  81                      1.00   0.57  0.13  0.00  0.31  0.00  0.00  0.00  0.38  0.00
  82                      4.52   0.50  0.00  0.00  0.50  0.00  0.00  0.00  0.12  0.00
  83                      2.39   0.50  0.00  0.00  0.47  0.03  0.00  0.00  0.39  0.00
  84                      1.00   0.50  0.00  0.00  0.50  0.00  0.00  0.00  0.42  0.00
  85                      1.00   0.50  0.00  0.00  0.50  0.00  0.00  0.00  0.14  0.00
  86                     10.95   0.50  0.00  0.00  0.46  0.03  0.00  0.00  0.49  0.00
  87                      1.00   0.50  0.00  0.00  0.50  0.00  0.00  0.00  0.00  0.00
  88                      1.28   0.50  0.00  0.00  0.50  0.00  0.00  0.00  0.06  0.00
  89                      1.40   0.50  0.00  0.00  0.50  0.00  0.00  0.00  0.49  0.00
  90                      3.11   0.50  0.00  0.00  0.48  0.02  0.00  0.00  0.22  0.00
  91                      2.46   0.50  0.00  0.00  0.48  0.01  0.00  0.00  0.48  0.00
  92                      1.14   0.50  0.00  0.00  0.50  0.00  0.00  0.00  0.08  0.00
  93                      1.00   0.50  0.00  0.00  0.50  0.00  0.00  0.00  0.47  0.00
  94                      2.89   0.50  0.01  0.00  0.49  0.00  0.00  0.00  0.11  0.00
  95                      1.22   0.50  0.00  0.00  0.49  0.00  0.00  0.00  0.05  0.00
  96                      3.02   0.50  0.27  0.00  0.23  0.00  0.00  0.00  0.48  0.00
  97                      2.49   0.50  0.11  0.00  0.38  0.00  0.00  0.00  0.46  0.00
  98                      1.00   0.50  0.00  0.00  0.50  0.00  0.00  0.00  0.00  0.00
  
  
  *************************
  Conduit Surcharge Summary
  *************************
  
  ----------------------------------------------------------------------------
                                                           Hours        Hours 
                         --------- Hours Full --------   Above Full   Capacity
  Conduit                Both Ends  Upstream  Dnstream   Normal Flow   Limited
  ----------------------------------------------------------------------------
  1                           0.56      0.95      0.56      0.95         0.56
  68                          0.02      0.02      0.05      0.01         0.01
  69                          0.54      0.54      0.89      0.01         0.01
  70                          0.67      0.67      1.42      0.01         0.01
  71                          0.04      0.05      0.05      0.07         0.03
  72                          0.04      0.05      0.19      0.06         0.03
  73                          0.06      0.06      0.35      0.01         0.01
  74                          0.51      0.51      0.95      0.01         0.01
  75                          1.01      1.01      2.18      1.02         0.01
  76                          1.01      1.01      1.05      1.03         1.00
  78                          0.68      0.91      0.68      0.81         0.56
  79                          0.43      0.43      0.61      0.01         0.01
  80                          0.68      0.68      1.05      0.67         0.60
  82                          0.09      0.09      0.23      0.07         0.07
  83                          0.01      0.01      0.01      0.02         0.01
  84                          0.06      0.08      0.06      0.03         0.01
  85                          0.06      0.06      0.07      0.07         0.06
  87                          0.03      0.09      0.03      0.08         0.03
  88                          0.85      1.22      0.85      1.16         0.85
  89                          0.24      0.24      1.22      0.01         0.01
  90                          0.33      0.33      0.45      0.01         0.01
  91                          0.45      0.45      0.74      0.01         0.01
  92                          0.74      0.74      0.96      0.01         0.01
  93                          1.04      1.04      1.22      0.54         0.54
  95                          0.01      0.01      0.19      0.01         0.01
  96                          0.19      0.19      0.42      0.01         0.01
  

  Analysis begun on:  Mon Mar  2 22:20:31 2026
  Analysis ended on:  Mon Mar  2 22:20:34 2026
  Total elapsed time: 00:00:03